ay,need,setting,expectation,normalisation-constant,alpha
-3,T,A,0.04166666666666667,1.9999999999999998,0.08333333333333333
-3,T,P,0.04166666666666667,1.9999999999999998,0.08333333333333333
-3,U,A,0.5416666666666667,1.9999999999999998,1.0833333333333333
-3,U,P,0.04166666666666667,1.9999999999999998,0.08333333333333333
-3,V,A,0.04166666666666667,1.9999999999999998,0.08333333333333333
-3,V,P,0.04166666666666667,1.9999999999999998,0.08333333333333333
-3,W,A,0.04166666666666667,1.9999999999999998,0.08333333333333333
-3,W,P,0.04166666666666667,1.9999999999999998,0.08333333333333333
-3,X,A,0.04166666666666667,1.9999999999999998,0.08333333333333333
-3,X,P,0.04166666666666667,1.9999999999999998,0.08333333333333333
-3,Y,A,0.04166666666666667,1.9999999999999998,0.08333333333333333
-3,Y,P,0.04166666666666667,1.9999999999999998,0.08333333333333333
-2,T,A,5.747126436781612E-4,57.99999999999997,0.03333333333333333
-2,T,G,5.747126436781612E-4,57.99999999999997,0.03333333333333333
-2,T,J,0.06954022988505751,57.99999999999997,4.033333333333333
-2,T,P,5.747126436781612E-4,57.99999999999997,0.03333333333333333
-2,T,Q,0.017816091954023,57.99999999999997,1.0333333333333334
-2,U,A,0.3454022988505749,57.99999999999997,20.033333333333335
-2,U,G,5.747126436781612E-4,57.99999999999997,0.03333333333333333
-2,U,J,0.08678160919540234,57.99999999999997,5.033333333333333
-2,U,P,0.10402298850574718,57.99999999999997,6.033333333333333
-2,U,Q,0.03505747126436783,57.99999999999997,2.033333333333333
-2,V,A,5.747126436781612E-4,57.99999999999997,0.03333333333333333
-2,V,G,5.747126436781612E-4,57.99999999999997,0.03333333333333333
-2,V,J,0.03505747126436783,57.99999999999997,2.033333333333333
-2,V,P,5.747126436781612E-4,57.99999999999997,0.03333333333333333
-2,V,Q,5.747126436781612E-4,57.99999999999997,0.03333333333333333
-2,W,A,5.747126436781612E-4,57.99999999999997,0.03333333333333333
-2,W,G,5.747126436781612E-4,57.99999999999997,0.03333333333333333
-2,W,J,5.747126436781612E-4,57.99999999999997,0.03333333333333333
-2,W,P,5.747126436781612E-4,57.99999999999997,0.03333333333333333
-2,W,Q,5.747126436781612E-4,57.99999999999997,0.03333333333333333
-2,X,A,5.747126436781612E-4,57.99999999999997,0.03333333333333333
-2,X,G,5.747126436781612E-4,57.99999999999997,0.03333333333333333
-2,X,J,5.747126436781612E-4,57.99999999999997,0.03333333333333333
-2,X,P,5.747126436781612E-4,57.99999999999997,0.03333333333333333
-2,X,Q,5.747126436781612E-4,57.99999999999997,0.03333333333333333
-2,Y,A,5.747126436781612E-4,57.99999999999997,0.03333333333333333
-2,Y,G,5.747126436781612E-4,57.99999999999997,0.03333333333333333
-2,Y,J,0.08678160919540234,57.99999999999997,5.033333333333333
-2,Y,P,0.20747126436781618,57.99999999999997,12.033333333333333
-2,Y,Q,5.747126436781612E-4,57.99999999999997,0.03333333333333333
-1,T,A,0.026279956427015208,153.00000000000023,4.020833333333333
-1,T,B,0.3922930283224395,153.00000000000023,60.020833333333336
-1,T,F,0.01320806100217863,153.00000000000023,2.0208333333333335
-1,T,G,1.3616557734204773E-4,153.00000000000023,0.020833333333333332
-1,T,J,0.01320806100217863,153.00000000000023,2.0208333333333335
-1,T,P,0.04588779956427008,153.00000000000023,7.020833333333333
-1,T,Q,0.08510348583877983,153.00000000000023,13.020833333333334
-1,T,R,1.3616557734204773E-4,153.00000000000023,0.020833333333333332
-1,U,A,0.07203159041394325,153.00000000000023,11.020833333333334
-1,U,B,0.12431917211328956,153.00000000000023,19.020833333333332
-1,U,F,1.3616557734204773E-4,153.00000000000023,0.020833333333333332
-1,U,G,1.3616557734204773E-4,153.00000000000023,0.020833333333333332
-1,U,J,1.3616557734204773E-4,153.00000000000023,0.020833333333333332
-1,U,P,1.3616557734204773E-4,153.00000000000023,0.020833333333333332
-1,U,Q,0.0066721132897603385,153.00000000000023,1.0208333333333333
-1,U,R,0.0066721132897603385,153.00000000000023,1.0208333333333333
-1,V,A,0.01320806100217863,153.00000000000023,2.0208333333333335
-1,V,B,0.0066721132897603385,153.00000000000023,1.0208333333333333
-1,V,F,1.3616557734204773E-4,153.00000000000023,0.020833333333333332
-1,V,G,1.3616557734204773E-4,153.00000000000023,0.020833333333333332
-1,V,J,1.3616557734204773E-4,153.00000000000023,0.020833333333333332
-1,V,P,1.3616557734204773E-4,153.00000000000023,0.020833333333333332
-1,V,Q,1.3616557734204773E-4,153.00000000000023,0.020833333333333332
-1,V,R,1.3616557734204773E-4,153.00000000000023,0.020833333333333332
-1,W,A,1.3616557734204773E-4,153.00000000000023,0.020833333333333332
-1,W,B,1.3616557734204773E-4,153.00000000000023,0.020833333333333332
-1,W,F,1.3616557734204773E-4,153.00000000000023,0.020833333333333332
-1,W,G,1.3616557734204773E-4,153.00000000000023,0.020833333333333332
-1,W,J,1.3616557734204773E-4,153.00000000000023,0.020833333333333332
-1,W,P,1.3616557734204773E-4,153.00000000000023,0.020833333333333332
-1,W,Q,0.0328159041394335,153.00000000000023,5.020833333333333
-1,W,R,1.3616557734204773E-4,153.00000000000023,0.020833333333333332
-1,X,A,1.3616557734204773E-4,153.00000000000023,0.020833333333333332
-1,X,B,0.01320806100217863,153.00000000000023,2.0208333333333335
-1,X,F,1.3616557734204773E-4,153.00000000000023,0.020833333333333332
-1,X,G,1.3616557734204773E-4,153.00000000000023,0.020833333333333332
-1,X,J,1.3616557734204773E-4,153.00000000000023,0.020833333333333332
-1,X,P,1.3616557734204773E-4,153.00000000000023,0.020833333333333332
-1,X,Q,1.3616557734204773E-4,153.00000000000023,0.020833333333333332
-1,X,R,1.3616557734204773E-4,153.00000000000023,0.020833333333333332
-1,Y,A,1.3616557734204773E-4,153.00000000000023,0.020833333333333332
-1,Y,B,0.07856753812636154,153.00000000000023,12.020833333333334
-1,Y,F,0.0328159041394335,153.00000000000023,5.020833333333333
-1,Y,G,1.3616557734204773E-4,153.00000000000023,0.020833333333333332
-1,Y,J,0.01974400871459692,153.00000000000023,3.0208333333333335
-1,Y,P,0.01320806100217863,153.00000000000023,2.0208333333333335
-1,Y,Q,1.3616557734204773E-4,153.00000000000023,0.020833333333333332
-1,Y,R,1.3616557734204773E-4,153.00000000000023,0.020833333333333332
0,T,A,0.03691520467836261,189.99999999999983,7.013888888888889
0,T,B,0.6527046783625736,189.99999999999983,124.01388888888889
0,T,F,0.057967836257309995,189.99999999999983,11.01388888888889
0,T,G,7.309941520467842E-5,189.99999999999983,0.013888888888888888
0,T,H,7.309941520467842E-5,189.99999999999983,0.013888888888888888
0,T,I,7.309941520467842E-5,189.99999999999983,0.013888888888888888
0,T,J,0.005336257309941525,189.99999999999983,1.0138888888888888
0,T,K,0.02112573099415207,189.99999999999983,4.013888888888889
0,T,L,7.309941520467842E-5,189.99999999999983,0.013888888888888888
0,T,O,7.309941520467842E-5,189.99999999999983,0.013888888888888888
0,T,Q,7.309941520467842E-5,189.99999999999983,0.013888888888888888
0,T,R,7.309941520467842E-5,189.99999999999983,0.013888888888888888
0,U,A,7.309941520467842E-5,189.99999999999983,0.013888888888888888
0,U,B,0.126388888888889,189.99999999999983,24.01388888888889
0,U,F,7.309941520467842E-5,189.99999999999983,0.013888888888888888
0,U,G,7.309941520467842E-5,189.99999999999983,0.013888888888888888
0,U,H,7.309941520467842E-5,189.99999999999983,0.013888888888888888
0,U,I,7.309941520467842E-5,189.99999999999983,0.013888888888888888
0,U,J,7.309941520467842E-5,189.99999999999983,0.013888888888888888
0,U,K,7.309941520467842E-5,189.99999999999983,0.013888888888888888
0,U,L,7.309941520467842E-5,189.99999999999983,0.013888888888888888
0,U,O,7.309941520467842E-5,189.99999999999983,0.013888888888888888
0,U,Q,0.010599415204678372,189.99999999999983,2.013888888888889
0,U,R,7.309941520467842E-5,189.99999999999983,0.013888888888888888
0,V,A,7.309941520467842E-5,189.99999999999983,0.013888888888888888
0,V,B,0.02112573099415207,189.99999999999983,4.013888888888889
0,V,F,7.309941520467842E-5,189.99999999999983,0.013888888888888888
0,V,G,7.309941520467842E-5,189.99999999999983,0.013888888888888888
0,V,H,7.309941520467842E-5,189.99999999999983,0.013888888888888888
0,V,I,7.309941520467842E-5,189.99999999999983,0.013888888888888888
0,V,J,7.309941520467842E-5,189.99999999999983,0.013888888888888888
0,V,K,7.309941520467842E-5,189.99999999999983,0.013888888888888888
0,V,L,7.309941520467842E-5,189.99999999999983,0.013888888888888888
0,V,O,7.309941520467842E-5,189.99999999999983,0.013888888888888888
0,V,Q,7.309941520467842E-5,189.99999999999983,0.013888888888888888
0,V,R,7.309941520467842E-5,189.99999999999983,0.013888888888888888
0,W,A,7.309941520467842E-5,189.99999999999983,0.013888888888888888
0,W,B,7.309941520467842E-5,189.99999999999983,0.013888888888888888
0,W,F,7.309941520467842E-5,189.99999999999983,0.013888888888888888
0,W,G,7.309941520467842E-5,189.99999999999983,0.013888888888888888
0,W,H,7.309941520467842E-5,189.99999999999983,0.013888888888888888
0,W,I,7.309941520467842E-5,189.99999999999983,0.013888888888888888
0,W,J,7.309941520467842E-5,189.99999999999983,0.013888888888888888
0,W,K,7.309941520467842E-5,189.99999999999983,0.013888888888888888
0,W,L,7.309941520467842E-5,189.99999999999983,0.013888888888888888
0,W,O,7.309941520467842E-5,189.99999999999983,0.013888888888888888
0,W,Q,7.309941520467842E-5,189.99999999999983,0.013888888888888888
0,W,R,7.309941520467842E-5,189.99999999999983,0.013888888888888888
0,X,A,7.309941520467842E-5,189.99999999999983,0.013888888888888888
0,X,B,7.309941520467842E-5,189.99999999999983,0.013888888888888888
0,X,F,7.309941520467842E-5,189.99999999999983,0.013888888888888888
0,X,G,7.309941520467842E-5,189.99999999999983,0.013888888888888888
0,X,H,7.309941520467842E-5,189.99999999999983,0.013888888888888888
0,X,I,7.309941520467842E-5,189.99999999999983,0.013888888888888888
0,X,J,7.309941520467842E-5,189.99999999999983,0.013888888888888888
0,X,K,7.309941520467842E-5,189.99999999999983,0.013888888888888888
0,X,L,7.309941520467842E-5,189.99999999999983,0.013888888888888888
0,X,O,7.309941520467842E-5,189.99999999999983,0.013888888888888888
0,X,Q,7.309941520467842E-5,189.99999999999983,0.013888888888888888
0,X,R,7.309941520467842E-5,189.99999999999983,0.013888888888888888
0,Y,A,7.309941520467842E-5,189.99999999999983,0.013888888888888888
0,Y,B,0.03691520467836261,189.99999999999983,7.013888888888889
0,Y,F,0.010599415204678372,189.99999999999983,2.013888888888889
0,Y,G,7.309941520467842E-5,189.99999999999983,0.013888888888888888
0,Y,H,7.309941520467842E-5,189.99999999999983,0.013888888888888888
0,Y,I,7.309941520467842E-5,189.99999999999983,0.013888888888888888
0,Y,J,0.010599415204678372,189.99999999999983,2.013888888888889
0,Y,K,7.309941520467842E-5,189.99999999999983,0.013888888888888888
0,Y,L,7.309941520467842E-5,189.99999999999983,0.013888888888888888
0,Y,O,0.005336257309941525,189.99999999999983,1.0138888888888888
0,Y,Q,7.309941520467842E-5,189.99999999999983,0.013888888888888888
0,Y,R,7.309941520467842E-5,189.99999999999983,0.013888888888888888
1,T,A,0.00685913185913187,147.99999999999977,1.0151515151515151
1,T,B,0.6014537264537274,147.99999999999977,89.01515151515152
1,T,F,0.06766994266994278,147.99999999999977,10.015151515151516
1,T,G,1.0237510237510253E-4,147.99999999999977,0.015151515151515152
1,T,H,1.0237510237510253E-4,147.99999999999977,0.015151515151515152
1,T,I,0.013615888615888637,147.99999999999977,2.015151515151515
1,T,J,0.00685913185913187,147.99999999999977,1.0151515151515151
1,T,K,0.00685913185913187,147.99999999999977,1.0151515151515151
1,T,L,1.0237510237510253E-4,147.99999999999977,0.015151515151515152
1,T,O,1.0237510237510253E-4,147.99999999999977,0.015151515151515152
1,T,R,1.0237510237510253E-4,147.99999999999977,0.015151515151515152
1,U,A,0.00685913185913187,147.99999999999977,1.0151515151515151
1,U,B,0.12172399672399692,147.99999999999977,18.015151515151516
1,U,F,0.013615888615888637,147.99999999999977,2.015151515151515
1,U,G,1.0237510237510253E-4,147.99999999999977,0.015151515151515152
1,U,H,1.0237510237510253E-4,147.99999999999977,0.015151515151515152
1,U,I,1.0237510237510253E-4,147.99999999999977,0.015151515151515152
1,U,J,1.0237510237510253E-4,147.99999999999977,0.015151515151515152
1,U,K,0.00685913185913187,147.99999999999977,1.0151515151515151
1,U,L,1.0237510237510253E-4,147.99999999999977,0.015151515151515152
1,U,O,1.0237510237510253E-4,147.99999999999977,0.015151515151515152
1,U,R,0.00685913185913187,147.99999999999977,1.0151515151515151
1,V,A,1.0237510237510253E-4,147.99999999999977,0.015151515151515152
1,V,B,1.0237510237510253E-4,147.99999999999977,0.015151515151515152
1,V,F,1.0237510237510253E-4,147.99999999999977,0.015151515151515152
1,V,G,1.0237510237510253E-4,147.99999999999977,0.015151515151515152
1,V,H,1.0237510237510253E-4,147.99999999999977,0.015151515151515152
1,V,I,1.0237510237510253E-4,147.99999999999977,0.015151515151515152
1,V,J,1.0237510237510253E-4,147.99999999999977,0.015151515151515152
1,V,K,1.0237510237510253E-4,147.99999999999977,0.015151515151515152
1,V,L,1.0237510237510253E-4,147.99999999999977,0.015151515151515152
1,V,O,1.0237510237510253E-4,147.99999999999977,0.015151515151515152
1,V,R,1.0237510237510253E-4,147.99999999999977,0.015151515151515152
1,W,A,1.0237510237510253E-4,147.99999999999977,0.015151515151515152
1,W,B,1.0237510237510253E-4,147.99999999999977,0.015151515151515152
1,W,F,1.0237510237510253E-4,147.99999999999977,0.015151515151515152
1,W,G,1.0237510237510253E-4,147.99999999999977,0.015151515151515152
1,W,H,1.0237510237510253E-4,147.99999999999977,0.015151515151515152
1,W,I,1.0237510237510253E-4,147.99999999999977,0.015151515151515152
1,W,J,1.0237510237510253E-4,147.99999999999977,0.015151515151515152
1,W,K,1.0237510237510253E-4,147.99999999999977,0.015151515151515152
1,W,L,1.0237510237510253E-4,147.99999999999977,0.015151515151515152
1,W,O,1.0237510237510253E-4,147.99999999999977,0.015151515151515152
1,W,R,1.0237510237510253E-4,147.99999999999977,0.015151515151515152
1,X,A,1.0237510237510253E-4,147.99999999999977,0.015151515151515152
1,X,B,0.06091318591318601,147.99999999999977,9.015151515151516
1,X,F,1.0237510237510253E-4,147.99999999999977,0.015151515151515152
1,X,G,1.0237510237510253E-4,147.99999999999977,0.015151515151515152
1,X,H,1.0237510237510253E-4,147.99999999999977,0.015151515151515152
1,X,I,1.0237510237510253E-4,147.99999999999977,0.015151515151515152
1,X,J,1.0237510237510253E-4,147.99999999999977,0.015151515151515152
1,X,K,1.0237510237510253E-4,147.99999999999977,0.015151515151515152
1,X,L,1.0237510237510253E-4,147.99999999999977,0.015151515151515152
1,X,O,1.0237510237510253E-4,147.99999999999977,0.015151515151515152
1,X,R,1.0237510237510253E-4,147.99999999999977,0.015151515151515152
1,Y,A,1.0237510237510253E-4,147.99999999999977,0.015151515151515152
1,Y,B,0.033886158886158944,147.99999999999977,5.015151515151516
1,Y,F,0.04064291564291571,147.99999999999977,6.015151515151516
1,Y,G,1.0237510237510253E-4,147.99999999999977,0.015151515151515152
1,Y,H,1.0237510237510253E-4,147.99999999999977,0.015151515151515152
1,Y,I,1.0237510237510253E-4,147.99999999999977,0.015151515151515152
1,Y,J,1.0237510237510253E-4,147.99999999999977,0.015151515151515152
1,Y,K,1.0237510237510253E-4,147.99999999999977,0.015151515151515152
1,Y,L,1.0237510237510253E-4,147.99999999999977,0.015151515151515152
1,Y,O,1.0237510237510253E-4,147.99999999999977,0.015151515151515152
1,Y,R,1.0237510237510253E-4,147.99999999999977,0.015151515151515152
2,T,A,1.9025875190258773E-4,72.99999999999991,0.013888888888888888
2,T,B,0.6029299847793005,72.99999999999991,44.013888888888886
2,T,E,1.9025875190258773E-4,72.99999999999991,0.013888888888888888
2,T,F,0.027587519025875223,72.99999999999991,2.013888888888889
2,T,G,1.9025875190258773E-4,72.99999999999991,0.013888888888888888
2,T,H,1.9025875190258773E-4,72.99999999999991,0.013888888888888888
2,T,I,1.9025875190258773E-4,72.99999999999991,0.013888888888888888
2,T,J,0.013888888888888904,72.99999999999991,1.0138888888888888
2,T,K,0.013888888888888904,72.99999999999991,1.0138888888888888
2,T,L,1.9025875190258773E-4,72.99999999999991,0.013888888888888888
2,T,O,1.9025875190258773E-4,72.99999999999991,0.013888888888888888
2,T,R,1.9025875190258773E-4,72.99999999999991,0.013888888888888888
2,U,A,1.9025875190258773E-4,72.99999999999991,0.013888888888888888
2,U,B,0.19197108066971103,72.99999999999991,14.01388888888889
2,U,E,1.9025875190258773E-4,72.99999999999991,0.013888888888888888
2,U,F,1.9025875190258773E-4,72.99999999999991,0.013888888888888888
2,U,G,0.013888888888888904,72.99999999999991,1.0138888888888888
2,U,H,1.9025875190258773E-4,72.99999999999991,0.013888888888888888
2,U,I,0.013888888888888904,72.99999999999991,1.0138888888888888
2,U,J,1.9025875190258773E-4,72.99999999999991,0.013888888888888888
2,U,K,1.9025875190258773E-4,72.99999999999991,0.013888888888888888
2,U,L,1.9025875190258773E-4,72.99999999999991,0.013888888888888888
2,U,O,1.9025875190258773E-4,72.99999999999991,0.013888888888888888
2,U,R,1.9025875190258773E-4,72.99999999999991,0.013888888888888888
2,V,A,1.9025875190258773E-4,72.99999999999991,0.013888888888888888
2,V,B,1.9025875190258773E-4,72.99999999999991,0.013888888888888888
2,V,E,1.9025875190258773E-4,72.99999999999991,0.013888888888888888
2,V,F,1.9025875190258773E-4,72.99999999999991,0.013888888888888888
2,V,G,1.9025875190258773E-4,72.99999999999991,0.013888888888888888
2,V,H,1.9025875190258773E-4,72.99999999999991,0.013888888888888888
2,V,I,1.9025875190258773E-4,72.99999999999991,0.013888888888888888
2,V,J,1.9025875190258773E-4,72.99999999999991,0.013888888888888888
2,V,K,1.9025875190258773E-4,72.99999999999991,0.013888888888888888
2,V,L,1.9025875190258773E-4,72.99999999999991,0.013888888888888888
2,V,O,1.9025875190258773E-4,72.99999999999991,0.013888888888888888
2,V,R,1.9025875190258773E-4,72.99999999999991,0.013888888888888888
2,W,A,1.9025875190258773E-4,72.99999999999991,0.013888888888888888
2,W,B,1.9025875190258773E-4,72.99999999999991,0.013888888888888888
2,W,E,1.9025875190258773E-4,72.99999999999991,0.013888888888888888
2,W,F,1.9025875190258773E-4,72.99999999999991,0.013888888888888888
2,W,G,1.9025875190258773E-4,72.99999999999991,0.013888888888888888
2,W,H,1.9025875190258773E-4,72.99999999999991,0.013888888888888888
2,W,I,1.9025875190258773E-4,72.99999999999991,0.013888888888888888
2,W,J,1.9025875190258773E-4,72.99999999999991,0.013888888888888888
2,W,K,1.9025875190258773E-4,72.99999999999991,0.013888888888888888
2,W,L,1.9025875190258773E-4,72.99999999999991,0.013888888888888888
2,W,O,1.9025875190258773E-4,72.99999999999991,0.013888888888888888
2,W,R,1.9025875190258773E-4,72.99999999999991,0.013888888888888888
2,X,A,0.013888888888888904,72.99999999999991,1.0138888888888888
2,X,B,0.05498477929984786,72.99999999999991,4.013888888888889
2,X,E,1.9025875190258773E-4,72.99999999999991,0.013888888888888888
2,X,F,1.9025875190258773E-4,72.99999999999991,0.013888888888888888
2,X,G,1.9025875190258773E-4,72.99999999999991,0.013888888888888888
2,X,H,1.9025875190258773E-4,72.99999999999991,0.013888888888888888
2,X,I,0.013888888888888904,72.99999999999991,1.0138888888888888
2,X,J,1.9025875190258773E-4,72.99999999999991,0.013888888888888888
2,X,K,1.9025875190258773E-4,72.99999999999991,0.013888888888888888
2,X,L,1.9025875190258773E-4,72.99999999999991,0.013888888888888888
2,X,O,1.9025875190258773E-4,72.99999999999991,0.013888888888888888
2,X,R,1.9025875190258773E-4,72.99999999999991,0.013888888888888888
2,Y,A,1.9025875190258773E-4,72.99999999999991,0.013888888888888888
2,Y,B,0.027587519025875223,72.99999999999991,2.013888888888889
2,Y,E,1.9025875190258773E-4,72.99999999999991,0.013888888888888888
2,Y,F,1.9025875190258773E-4,72.99999999999991,0.013888888888888888
2,Y,G,1.9025875190258773E-4,72.99999999999991,0.013888888888888888
2,Y,H,1.9025875190258773E-4,72.99999999999991,0.013888888888888888
2,Y,I,1.9025875190258773E-4,72.99999999999991,0.013888888888888888
2,Y,J,1.9025875190258773E-4,72.99999999999991,0.013888888888888888
2,Y,K,1.9025875190258773E-4,72.99999999999991,0.013888888888888888
2,Y,L,1.9025875190258773E-4,72.99999999999991,0.013888888888888888
2,Y,O,1.9025875190258773E-4,72.99999999999991,0.013888888888888888
2,Y,R,1.9025875190258773E-4,72.99999999999991,0.013888888888888888
3,T,A,2.3946360153256734E-4,57.99999999999993,0.013888888888888888
3,T,B,0.4312739463601538,57.99999999999993,25.01388888888889
3,T,E,0.017480842911877414,57.99999999999993,1.0138888888888888
3,T,F,2.3946360153256734E-4,57.99999999999993,0.013888888888888888
3,T,G,2.3946360153256734E-4,57.99999999999993,0.013888888888888888
3,T,H,2.3946360153256734E-4,57.99999999999993,0.013888888888888888
3,T,I,2.3946360153256734E-4,57.99999999999993,0.013888888888888888
3,T,J,2.3946360153256734E-4,57.99999999999993,0.013888888888888888
3,T,K,2.3946360153256734E-4,57.99999999999993,0.013888888888888888
3,T,L,2.3946360153256734E-4,57.99999999999993,0.013888888888888888
3,T,O,2.3946360153256734E-4,57.99999999999993,0.013888888888888888
3,T,R,2.3946360153256734E-4,57.99999999999993,0.013888888888888888
3,U,A,2.3946360153256734E-4,57.99999999999993,0.013888888888888888
3,U,B,0.12092911877394652,57.99999999999993,7.013888888888889
3,U,E,2.3946360153256734E-4,57.99999999999993,0.013888888888888888
3,U,F,2.3946360153256734E-4,57.99999999999993,0.013888888888888888
3,U,G,2.3946360153256734E-4,57.99999999999993,0.013888888888888888
3,U,H,2.3946360153256734E-4,57.99999999999993,0.013888888888888888
3,U,I,2.3946360153256734E-4,57.99999999999993,0.013888888888888888
3,U,J,2.3946360153256734E-4,57.99999999999993,0.013888888888888888
3,U,K,2.3946360153256734E-4,57.99999999999993,0.013888888888888888
3,U,L,2.3946360153256734E-4,57.99999999999993,0.013888888888888888
3,U,O,2.3946360153256734E-4,57.99999999999993,0.013888888888888888
3,U,R,0.034722222222222265,57.99999999999993,2.013888888888889
3,V,A,2.3946360153256734E-4,57.99999999999993,0.013888888888888888
3,V,B,2.3946360153256734E-4,57.99999999999993,0.013888888888888888
3,V,E,2.3946360153256734E-4,57.99999999999993,0.013888888888888888
3,V,F,2.3946360153256734E-4,57.99999999999993,0.013888888888888888
3,V,G,2.3946360153256734E-4,57.99999999999993,0.013888888888888888
3,V,H,2.3946360153256734E-4,57.99999999999993,0.013888888888888888
3,V,I,2.3946360153256734E-4,57.99999999999993,0.013888888888888888
3,V,J,2.3946360153256734E-4,57.99999999999993,0.013888888888888888
3,V,K,2.3946360153256734E-4,57.99999999999993,0.013888888888888888
3,V,L,2.3946360153256734E-4,57.99999999999993,0.013888888888888888
3,V,O,2.3946360153256734E-4,57.99999999999993,0.013888888888888888
3,V,R,2.3946360153256734E-4,57.99999999999993,0.013888888888888888
3,W,A,2.3946360153256734E-4,57.99999999999993,0.013888888888888888
3,W,B,2.3946360153256734E-4,57.99999999999993,0.013888888888888888
3,W,E,2.3946360153256734E-4,57.99999999999993,0.013888888888888888
3,W,F,2.3946360153256734E-4,57.99999999999993,0.013888888888888888
3,W,G,2.3946360153256734E-4,57.99999999999993,0.013888888888888888
3,W,H,2.3946360153256734E-4,57.99999999999993,0.013888888888888888
3,W,I,2.3946360153256734E-4,57.99999999999993,0.013888888888888888
3,W,J,2.3946360153256734E-4,57.99999999999993,0.013888888888888888
3,W,K,2.3946360153256734E-4,57.99999999999993,0.013888888888888888
3,W,L,2.3946360153256734E-4,57.99999999999993,0.013888888888888888
3,W,O,2.3946360153256734E-4,57.99999999999993,0.013888888888888888
3,W,R,2.3946360153256734E-4,57.99999999999993,0.013888888888888888
3,X,A,0.08644636015325682,57.99999999999993,5.013888888888889
3,X,B,0.1898946360153259,57.99999999999993,11.01388888888889
3,X,E,2.3946360153256734E-4,57.99999999999993,0.013888888888888888
3,X,F,2.3946360153256734E-4,57.99999999999993,0.013888888888888888
3,X,G,2.3946360153256734E-4,57.99999999999993,0.013888888888888888
3,X,H,2.3946360153256734E-4,57.99999999999993,0.013888888888888888
3,X,I,0.017480842911877414,57.99999999999993,1.0138888888888888
3,X,J,2.3946360153256734E-4,57.99999999999993,0.013888888888888888
3,X,K,2.3946360153256734E-4,57.99999999999993,0.013888888888888888
3,X,L,2.3946360153256734E-4,57.99999999999993,0.013888888888888888
3,X,O,2.3946360153256734E-4,57.99999999999993,0.013888888888888888
3,X,R,2.3946360153256734E-4,57.99999999999993,0.013888888888888888
3,Y,A,2.3946360153256734E-4,57.99999999999993,0.013888888888888888
3,Y,B,0.08644636015325682,57.99999999999993,5.013888888888889
3,Y,E,2.3946360153256734E-4,57.99999999999993,0.013888888888888888
3,Y,F,2.3946360153256734E-4,57.99999999999993,0.013888888888888888
3,Y,G,2.3946360153256734E-4,57.99999999999993,0.013888888888888888
3,Y,H,2.3946360153256734E-4,57.99999999999993,0.013888888888888888
3,Y,I,2.3946360153256734E-4,57.99999999999993,0.013888888888888888
3,Y,J,2.3946360153256734E-4,57.99999999999993,0.013888888888888888
3,Y,K,2.3946360153256734E-4,57.99999999999993,0.013888888888888888
3,Y,L,2.3946360153256734E-4,57.99999999999993,0.013888888888888888
3,Y,O,2.3946360153256734E-4,57.99999999999993,0.013888888888888888
3,Y,R,2.3946360153256734E-4,57.99999999999993,0.013888888888888888
4,T,A,3.306878306878312E-4,41.99999999999993,0.013888888888888888
4,T,B,0.38128306878306945,41.99999999999993,16.01388888888889
4,T,E,0.04794973544973553,41.99999999999993,2.013888888888889
4,T,F,0.04794973544973553,41.99999999999993,2.013888888888889
4,T,G,0.02414021164021168,41.99999999999993,1.0138888888888888
4,T,H,3.306878306878312E-4,41.99999999999993,0.013888888888888888
4,T,I,3.306878306878312E-4,41.99999999999993,0.013888888888888888
4,T,J,3.306878306878312E-4,41.99999999999993,0.013888888888888888
4,T,K,3.306878306878312E-4,41.99999999999993,0.013888888888888888
4,T,L,3.306878306878312E-4,41.99999999999993,0.013888888888888888
4,T,O,3.306878306878312E-4,41.99999999999993,0.013888888888888888
4,T,R,3.306878306878312E-4,41.99999999999993,0.013888888888888888
4,U,A,3.306878306878312E-4,41.99999999999993,0.013888888888888888
4,U,B,0.2622354497354502,41.99999999999993,11.01388888888889
4,U,E,3.306878306878312E-4,41.99999999999993,0.013888888888888888
4,U,F,3.306878306878312E-4,41.99999999999993,0.013888888888888888
4,U,G,3.306878306878312E-4,41.99999999999993,0.013888888888888888
4,U,H,3.306878306878312E-4,41.99999999999993,0.013888888888888888
4,U,I,3.306878306878312E-4,41.99999999999993,0.013888888888888888
4,U,J,3.306878306878312E-4,41.99999999999993,0.013888888888888888
4,U,K,3.306878306878312E-4,41.99999999999993,0.013888888888888888
4,U,L,3.306878306878312E-4,41.99999999999993,0.013888888888888888
4,U,O,3.306878306878312E-4,41.99999999999993,0.013888888888888888
4,U,R,3.306878306878312E-4,41.99999999999993,0.013888888888888888
4,V,A,3.306878306878312E-4,41.99999999999993,0.013888888888888888
4,V,B,3.306878306878312E-4,41.99999999999993,0.013888888888888888
4,V,E,3.306878306878312E-4,41.99999999999993,0.013888888888888888
4,V,F,3.306878306878312E-4,41.99999999999993,0.013888888888888888
4,V,G,3.306878306878312E-4,41.99999999999993,0.013888888888888888
4,V,H,3.306878306878312E-4,41.99999999999993,0.013888888888888888
4,V,I,3.306878306878312E-4,41.99999999999993,0.013888888888888888
4,V,J,3.306878306878312E-4,41.99999999999993,0.013888888888888888
4,V,K,3.306878306878312E-4,41.99999999999993,0.013888888888888888
4,V,L,3.306878306878312E-4,41.99999999999993,0.013888888888888888
4,V,O,3.306878306878312E-4,41.99999999999993,0.013888888888888888
4,V,R,3.306878306878312E-4,41.99999999999993,0.013888888888888888
4,W,A,3.306878306878312E-4,41.99999999999993,0.013888888888888888
4,W,B,3.306878306878312E-4,41.99999999999993,0.013888888888888888
4,W,E,3.306878306878312E-4,41.99999999999993,0.013888888888888888
4,W,F,3.306878306878312E-4,41.99999999999993,0.013888888888888888
4,W,G,3.306878306878312E-4,41.99999999999993,0.013888888888888888
4,W,H,3.306878306878312E-4,41.99999999999993,0.013888888888888888
4,W,I,3.306878306878312E-4,41.99999999999993,0.013888888888888888
4,W,J,3.306878306878312E-4,41.99999999999993,0.013888888888888888
4,W,K,3.306878306878312E-4,41.99999999999993,0.013888888888888888
4,W,L,3.306878306878312E-4,41.99999999999993,0.013888888888888888
4,W,O,3.306878306878312E-4,41.99999999999993,0.013888888888888888
4,W,R,3.306878306878312E-4,41.99999999999993,0.013888888888888888
4,X,A,0.09556878306878323,41.99999999999993,4.013888888888889
4,X,B,0.07175925925925938,41.99999999999993,3.013888888888889
4,X,E,3.306878306878312E-4,41.99999999999993,0.013888888888888888
4,X,F,3.306878306878312E-4,41.99999999999993,0.013888888888888888
4,X,G,3.306878306878312E-4,41.99999999999993,0.013888888888888888
4,X,H,3.306878306878312E-4,41.99999999999993,0.013888888888888888
4,X,I,3.306878306878312E-4,41.99999999999993,0.013888888888888888
4,X,J,3.306878306878312E-4,41.99999999999993,0.013888888888888888
4,X,K,3.306878306878312E-4,41.99999999999993,0.013888888888888888
4,X,L,3.306878306878312E-4,41.99999999999993,0.013888888888888888
4,X,O,3.306878306878312E-4,41.99999999999993,0.013888888888888888
4,X,R,3.306878306878312E-4,41.99999999999993,0.013888888888888888
4,Y,A,3.306878306878312E-4,41.99999999999993,0.013888888888888888
4,Y,B,0.04794973544973553,41.99999999999993,2.013888888888889
4,Y,E,3.306878306878312E-4,41.99999999999993,0.013888888888888888
4,Y,F,3.306878306878312E-4,41.99999999999993,0.013888888888888888
4,Y,G,3.306878306878312E-4,41.99999999999993,0.013888888888888888
4,Y,H,3.306878306878312E-4,41.99999999999993,0.013888888888888888
4,Y,I,3.306878306878312E-4,41.99999999999993,0.013888888888888888
4,Y,J,3.306878306878312E-4,41.99999999999993,0.013888888888888888
4,Y,K,3.306878306878312E-4,41.99999999999993,0.013888888888888888
4,Y,L,3.306878306878312E-4,41.99999999999993,0.013888888888888888
4,Y,O,3.306878306878312E-4,41.99999999999993,0.013888888888888888
4,Y,R,3.306878306878312E-4,41.99999999999993,0.013888888888888888
5,T,A,0.04109977324263044,48.99999999999993,2.013888888888889
5,T,B,0.4900793650793658,48.99999999999993,24.01388888888889
5,T,E,2.83446712018141E-4,48.99999999999993,0.013888888888888888
5,T,F,2.83446712018141E-4,48.99999999999993,0.013888888888888888
5,T,G,2.83446712018141E-4,48.99999999999993,0.013888888888888888
5,T,H,2.83446712018141E-4,48.99999999999993,0.013888888888888888
5,T,I,2.83446712018141E-4,48.99999999999993,0.013888888888888888
5,T,J,2.83446712018141E-4,48.99999999999993,0.013888888888888888
5,T,K,2.83446712018141E-4,48.99999999999993,0.013888888888888888
5,T,L,2.83446712018141E-4,48.99999999999993,0.013888888888888888
5,T,O,2.83446712018141E-4,48.99999999999993,0.013888888888888888
5,T,R,2.83446712018141E-4,48.99999999999993,0.013888888888888888
5,U,A,2.83446712018141E-4,48.99999999999993,0.013888888888888888
5,U,B,0.20436507936507967,48.99999999999993,10.01388888888889
5,U,E,2.83446712018141E-4,48.99999999999993,0.013888888888888888
5,U,F,2.83446712018141E-4,48.99999999999993,0.013888888888888888
5,U,G,2.83446712018141E-4,48.99999999999993,0.013888888888888888
5,U,H,2.83446712018141E-4,48.99999999999993,0.013888888888888888
5,U,I,2.83446712018141E-4,48.99999999999993,0.013888888888888888
5,U,J,2.83446712018141E-4,48.99999999999993,0.013888888888888888
5,U,K,2.83446712018141E-4,48.99999999999993,0.013888888888888888
5,U,L,0.02069160997732429,48.99999999999993,1.0138888888888888
5,U,O,2.83446712018141E-4,48.99999999999993,0.013888888888888888
5,U,R,2.83446712018141E-4,48.99999999999993,0.013888888888888888
5,V,A,2.83446712018141E-4,48.99999999999993,0.013888888888888888
5,V,B,2.83446712018141E-4,48.99999999999993,0.013888888888888888
5,V,E,2.83446712018141E-4,48.99999999999993,0.013888888888888888
5,V,F,2.83446712018141E-4,48.99999999999993,0.013888888888888888
5,V,G,2.83446712018141E-4,48.99999999999993,0.013888888888888888
5,V,H,2.83446712018141E-4,48.99999999999993,0.013888888888888888
5,V,I,2.83446712018141E-4,48.99999999999993,0.013888888888888888
5,V,J,2.83446712018141E-4,48.99999999999993,0.013888888888888888
5,V,K,2.83446712018141E-4,48.99999999999993,0.013888888888888888
5,V,L,2.83446712018141E-4,48.99999999999993,0.013888888888888888
5,V,O,2.83446712018141E-4,48.99999999999993,0.013888888888888888
5,V,R,2.83446712018141E-4,48.99999999999993,0.013888888888888888
5,W,A,2.83446712018141E-4,48.99999999999993,0.013888888888888888
5,W,B,2.83446712018141E-4,48.99999999999993,0.013888888888888888
5,W,E,2.83446712018141E-4,48.99999999999993,0.013888888888888888
5,W,F,2.83446712018141E-4,48.99999999999993,0.013888888888888888
5,W,G,2.83446712018141E-4,48.99999999999993,0.013888888888888888
5,W,H,2.83446712018141E-4,48.99999999999993,0.013888888888888888
5,W,I,2.83446712018141E-4,48.99999999999993,0.013888888888888888
5,W,J,2.83446712018141E-4,48.99999999999993,0.013888888888888888
5,W,K,2.83446712018141E-4,48.99999999999993,0.013888888888888888
5,W,L,2.83446712018141E-4,48.99999999999993,0.013888888888888888
5,W,O,2.83446712018141E-4,48.99999999999993,0.013888888888888888
5,W,R,2.83446712018141E-4,48.99999999999993,0.013888888888888888
5,X,A,0.061507936507936595,48.99999999999993,3.013888888888889
5,X,B,0.08191609977324275,48.99999999999993,4.013888888888889
5,X,E,0.02069160997732429,48.99999999999993,1.0138888888888888
5,X,F,2.83446712018141E-4,48.99999999999993,0.013888888888888888
5,X,G,2.83446712018141E-4,48.99999999999993,0.013888888888888888
5,X,H,2.83446712018141E-4,48.99999999999993,0.013888888888888888
5,X,I,2.83446712018141E-4,48.99999999999993,0.013888888888888888
5,X,J,2.83446712018141E-4,48.99999999999993,0.013888888888888888
5,X,K,2.83446712018141E-4,48.99999999999993,0.013888888888888888
5,X,L,2.83446712018141E-4,48.99999999999993,0.013888888888888888
5,X,O,2.83446712018141E-4,48.99999999999993,0.013888888888888888
5,X,R,2.83446712018141E-4,48.99999999999993,0.013888888888888888
5,Y,A,2.83446712018141E-4,48.99999999999993,0.013888888888888888
5,Y,B,0.04109977324263044,48.99999999999993,2.013888888888889
5,Y,E,2.83446712018141E-4,48.99999999999993,0.013888888888888888
5,Y,F,2.83446712018141E-4,48.99999999999993,0.013888888888888888
5,Y,G,2.83446712018141E-4,48.99999999999993,0.013888888888888888
5,Y,H,2.83446712018141E-4,48.99999999999993,0.013888888888888888
5,Y,I,2.83446712018141E-4,48.99999999999993,0.013888888888888888
5,Y,J,2.83446712018141E-4,48.99999999999993,0.013888888888888888
5,Y,K,2.83446712018141E-4,48.99999999999993,0.013888888888888888
5,Y,L,0.02069160997732429,48.99999999999993,1.0138888888888888
5,Y,O,2.83446712018141E-4,48.99999999999993,0.013888888888888888
5,Y,R,2.83446712018141E-4,48.99999999999993,0.013888888888888888
6,T,A,0.06273148148148135,48.0000000000001,3.011111111111111
6,T,B,0.2918981481481475,48.0000000000001,14.011111111111111
6,T,C,2.31481481481481E-4,48.0000000000001,0.011111111111111112
6,T,D,2.31481481481481E-4,48.0000000000001,0.011111111111111112
6,T,E,2.31481481481481E-4,48.0000000000001,0.011111111111111112
6,T,F,2.31481481481481E-4,48.0000000000001,0.011111111111111112
6,T,G,2.31481481481481E-4,48.0000000000001,0.011111111111111112
6,T,H,2.31481481481481E-4,48.0000000000001,0.011111111111111112
6,T,I,2.31481481481481E-4,48.0000000000001,0.011111111111111112
6,T,J,2.31481481481481E-4,48.0000000000001,0.011111111111111112
6,T,K,2.31481481481481E-4,48.0000000000001,0.011111111111111112
6,T,L,2.31481481481481E-4,48.0000000000001,0.011111111111111112
6,T,M,2.31481481481481E-4,48.0000000000001,0.011111111111111112
6,T,O,2.31481481481481E-4,48.0000000000001,0.011111111111111112
6,T,R,2.31481481481481E-4,48.0000000000001,0.011111111111111112
6,U,A,0.04189814814814806,48.0000000000001,2.011111111111111
6,U,B,0.1460648148148145,48.0000000000001,7.011111111111111
6,U,C,2.31481481481481E-4,48.0000000000001,0.011111111111111112
6,U,D,2.31481481481481E-4,48.0000000000001,0.011111111111111112
6,U,E,2.31481481481481E-4,48.0000000000001,0.011111111111111112
6,U,F,2.31481481481481E-4,48.0000000000001,0.011111111111111112
6,U,G,2.31481481481481E-4,48.0000000000001,0.011111111111111112
6,U,H,2.31481481481481E-4,48.0000000000001,0.011111111111111112
6,U,I,2.31481481481481E-4,48.0000000000001,0.011111111111111112
6,U,J,0.02106481481481477,48.0000000000001,1.011111111111111
6,U,K,2.31481481481481E-4,48.0000000000001,0.011111111111111112
6,U,L,2.31481481481481E-4,48.0000000000001,0.011111111111111112
6,U,M,2.31481481481481E-4,48.0000000000001,0.011111111111111112
6,U,O,2.31481481481481E-4,48.0000000000001,0.011111111111111112
6,U,R,2.31481481481481E-4,48.0000000000001,0.011111111111111112
6,V,A,2.31481481481481E-4,48.0000000000001,0.011111111111111112
6,V,B,2.31481481481481E-4,48.0000000000001,0.011111111111111112
6,V,C,2.31481481481481E-4,48.0000000000001,0.011111111111111112
6,V,D,2.31481481481481E-4,48.0000000000001,0.011111111111111112
6,V,E,2.31481481481481E-4,48.0000000000001,0.011111111111111112
6,V,F,2.31481481481481E-4,48.0000000000001,0.011111111111111112
6,V,G,2.31481481481481E-4,48.0000000000001,0.011111111111111112
6,V,H,2.31481481481481E-4,48.0000000000001,0.011111111111111112
6,V,I,2.31481481481481E-4,48.0000000000001,0.011111111111111112
6,V,J,2.31481481481481E-4,48.0000000000001,0.011111111111111112
6,V,K,2.31481481481481E-4,48.0000000000001,0.011111111111111112
6,V,L,2.31481481481481E-4,48.0000000000001,0.011111111111111112
6,V,M,2.31481481481481E-4,48.0000000000001,0.011111111111111112
6,V,O,2.31481481481481E-4,48.0000000000001,0.011111111111111112
6,V,R,2.31481481481481E-4,48.0000000000001,0.011111111111111112
6,W,A,2.31481481481481E-4,48.0000000000001,0.011111111111111112
6,W,B,2.31481481481481E-4,48.0000000000001,0.011111111111111112
6,W,C,2.31481481481481E-4,48.0000000000001,0.011111111111111112
6,W,D,2.31481481481481E-4,48.0000000000001,0.011111111111111112
6,W,E,2.31481481481481E-4,48.0000000000001,0.011111111111111112
6,W,F,2.31481481481481E-4,48.0000000000001,0.011111111111111112
6,W,G,2.31481481481481E-4,48.0000000000001,0.011111111111111112
6,W,H,2.31481481481481E-4,48.0000000000001,0.011111111111111112
6,W,I,2.31481481481481E-4,48.0000000000001,0.011111111111111112
6,W,J,2.31481481481481E-4,48.0000000000001,0.011111111111111112
6,W,K,2.31481481481481E-4,48.0000000000001,0.011111111111111112
6,W,L,2.31481481481481E-4,48.0000000000001,0.011111111111111112
6,W,M,2.31481481481481E-4,48.0000000000001,0.011111111111111112
6,W,O,2.31481481481481E-4,48.0000000000001,0.011111111111111112
6,W,R,0.02106481481481477,48.0000000000001,1.011111111111111
6,X,A,0.12523148148148122,48.0000000000001,6.011111111111111
6,X,B,0.12523148148148122,48.0000000000001,6.011111111111111
6,X,C,2.31481481481481E-4,48.0000000000001,0.011111111111111112
6,X,D,2.31481481481481E-4,48.0000000000001,0.011111111111111112
6,X,E,2.31481481481481E-4,48.0000000000001,0.011111111111111112
6,X,F,2.31481481481481E-4,48.0000000000001,0.011111111111111112
6,X,G,2.31481481481481E-4,48.0000000000001,0.011111111111111112
6,X,H,2.31481481481481E-4,48.0000000000001,0.011111111111111112
6,X,I,2.31481481481481E-4,48.0000000000001,0.011111111111111112
6,X,J,2.31481481481481E-4,48.0000000000001,0.011111111111111112
6,X,K,2.31481481481481E-4,48.0000000000001,0.011111111111111112
6,X,L,2.31481481481481E-4,48.0000000000001,0.011111111111111112
6,X,M,2.31481481481481E-4,48.0000000000001,0.011111111111111112
6,X,O,2.31481481481481E-4,48.0000000000001,0.011111111111111112
6,X,R,0.02106481481481477,48.0000000000001,1.011111111111111
6,Y,A,2.31481481481481E-4,48.0000000000001,0.011111111111111112
6,Y,B,0.10439814814814793,48.0000000000001,5.011111111111111
6,Y,C,2.31481481481481E-4,48.0000000000001,0.011111111111111112
6,Y,D,2.31481481481481E-4,48.0000000000001,0.011111111111111112
6,Y,E,2.31481481481481E-4,48.0000000000001,0.011111111111111112
6,Y,F,2.31481481481481E-4,48.0000000000001,0.011111111111111112
6,Y,G,2.31481481481481E-4,48.0000000000001,0.011111111111111112
6,Y,H,2.31481481481481E-4,48.0000000000001,0.011111111111111112
6,Y,I,2.31481481481481E-4,48.0000000000001,0.011111111111111112
6,Y,J,2.31481481481481E-4,48.0000000000001,0.011111111111111112
6,Y,K,2.31481481481481E-4,48.0000000000001,0.011111111111111112
6,Y,L,0.02106481481481477,48.0000000000001,1.011111111111111
6,Y,M,2.31481481481481E-4,48.0000000000001,0.011111111111111112
6,Y,O,2.31481481481481E-4,48.0000000000001,0.011111111111111112
6,Y,R,2.31481481481481E-4,48.0000000000001,0.011111111111111112
7,T,A,2.834467120181406E-4,41.99999999999999,0.011904761904761904
7,T,B,0.2145691609977325,41.99999999999999,9.011904761904763
7,T,C,2.834467120181406E-4,41.99999999999999,0.011904761904761904
7,T,D,2.834467120181406E-4,41.99999999999999,0.011904761904761904
7,T,E,2.834467120181406E-4,41.99999999999999,0.011904761904761904
7,T,F,2.834467120181406E-4,41.99999999999999,0.011904761904761904
7,T,G,2.834467120181406E-4,41.99999999999999,0.011904761904761904
7,T,H,2.834467120181406E-4,41.99999999999999,0.011904761904761904
7,T,I,0.024092970521541954,41.99999999999999,1.0119047619047619
7,T,J,2.834467120181406E-4,41.99999999999999,0.011904761904761904
7,T,K,2.834467120181406E-4,41.99999999999999,0.011904761904761904
7,T,L,0.04790249433106577,41.99999999999999,2.011904761904762
7,T,M,2.834467120181406E-4,41.99999999999999,0.011904761904761904
7,T,R,2.834467120181406E-4,41.99999999999999,0.011904761904761904
7,U,A,2.834467120181406E-4,41.99999999999999,0.011904761904761904
7,U,B,0.16695011337868484,41.99999999999999,7.011904761904762
7,U,C,2.834467120181406E-4,41.99999999999999,0.011904761904761904
7,U,D,2.834467120181406E-4,41.99999999999999,0.011904761904761904
7,U,E,2.834467120181406E-4,41.99999999999999,0.011904761904761904
7,U,F,2.834467120181406E-4,41.99999999999999,0.011904761904761904
7,U,G,2.834467120181406E-4,41.99999999999999,0.011904761904761904
7,U,H,2.834467120181406E-4,41.99999999999999,0.011904761904761904
7,U,I,0.024092970521541954,41.99999999999999,1.0119047619047619
7,U,J,0.024092970521541954,41.99999999999999,1.0119047619047619
7,U,K,2.834467120181406E-4,41.99999999999999,0.011904761904761904
7,U,L,0.024092970521541954,41.99999999999999,1.0119047619047619
7,U,M,2.834467120181406E-4,41.99999999999999,0.011904761904761904
7,U,R,0.024092970521541954,41.99999999999999,1.0119047619047619
7,V,A,2.834467120181406E-4,41.99999999999999,0.011904761904761904
7,V,B,2.834467120181406E-4,41.99999999999999,0.011904761904761904
7,V,C,2.834467120181406E-4,41.99999999999999,0.011904761904761904
7,V,D,2.834467120181406E-4,41.99999999999999,0.011904761904761904
7,V,E,2.834467120181406E-4,41.99999999999999,0.011904761904761904
7,V,F,2.834467120181406E-4,41.99999999999999,0.011904761904761904
7,V,G,2.834467120181406E-4,41.99999999999999,0.011904761904761904
7,V,H,2.834467120181406E-4,41.99999999999999,0.011904761904761904
7,V,I,2.834467120181406E-4,41.99999999999999,0.011904761904761904
7,V,J,0.04790249433106577,41.99999999999999,2.011904761904762
7,V,K,2.834467120181406E-4,41.99999999999999,0.011904761904761904
7,V,L,2.834467120181406E-4,41.99999999999999,0.011904761904761904
7,V,M,2.834467120181406E-4,41.99999999999999,0.011904761904761904
7,V,R,2.834467120181406E-4,41.99999999999999,0.011904761904761904
7,W,A,2.834467120181406E-4,41.99999999999999,0.011904761904761904
7,W,B,2.834467120181406E-4,41.99999999999999,0.011904761904761904
7,W,C,2.834467120181406E-4,41.99999999999999,0.011904761904761904
7,W,D,2.834467120181406E-4,41.99999999999999,0.011904761904761904
7,W,E,2.834467120181406E-4,41.99999999999999,0.011904761904761904
7,W,F,2.834467120181406E-4,41.99999999999999,0.011904761904761904
7,W,G,2.834467120181406E-4,41.99999999999999,0.011904761904761904
7,W,H,2.834467120181406E-4,41.99999999999999,0.011904761904761904
7,W,I,2.834467120181406E-4,41.99999999999999,0.011904761904761904
7,W,J,2.834467120181406E-4,41.99999999999999,0.011904761904761904
7,W,K,2.834467120181406E-4,41.99999999999999,0.011904761904761904
7,W,L,2.834467120181406E-4,41.99999999999999,0.011904761904761904
7,W,M,2.834467120181406E-4,41.99999999999999,0.011904761904761904
7,W,R,0.024092970521541954,41.99999999999999,1.0119047619047619
7,X,A,0.024092970521541954,41.99999999999999,1.0119047619047619
7,X,B,0.16695011337868484,41.99999999999999,7.011904761904762
7,X,C,2.834467120181406E-4,41.99999999999999,0.011904761904761904
7,X,D,2.834467120181406E-4,41.99999999999999,0.011904761904761904
7,X,E,2.834467120181406E-4,41.99999999999999,0.011904761904761904
7,X,F,2.834467120181406E-4,41.99999999999999,0.011904761904761904
7,X,G,2.834467120181406E-4,41.99999999999999,0.011904761904761904
7,X,H,2.834467120181406E-4,41.99999999999999,0.011904761904761904
7,X,I,2.834467120181406E-4,41.99999999999999,0.011904761904761904
7,X,J,2.834467120181406E-4,41.99999999999999,0.011904761904761904
7,X,K,2.834467120181406E-4,41.99999999999999,0.011904761904761904
7,X,L,2.834467120181406E-4,41.99999999999999,0.011904761904761904
7,X,M,2.834467120181406E-4,41.99999999999999,0.011904761904761904
7,X,R,0.024092970521541954,41.99999999999999,1.0119047619047619
7,Y,A,2.834467120181406E-4,41.99999999999999,0.011904761904761904
7,Y,B,0.07171201814058958,41.99999999999999,3.011904761904762
7,Y,C,2.834467120181406E-4,41.99999999999999,0.011904761904761904
7,Y,D,2.834467120181406E-4,41.99999999999999,0.011904761904761904
7,Y,E,2.834467120181406E-4,41.99999999999999,0.011904761904761904
7,Y,F,0.04790249433106577,41.99999999999999,2.011904761904762
7,Y,G,2.834467120181406E-4,41.99999999999999,0.011904761904761904
7,Y,H,2.834467120181406E-4,41.99999999999999,0.011904761904761904
7,Y,I,2.834467120181406E-4,41.99999999999999,0.011904761904761904
7,Y,J,2.834467120181406E-4,41.99999999999999,0.011904761904761904
7,Y,K,2.834467120181406E-4,41.99999999999999,0.011904761904761904
7,Y,L,0.024092970521541954,41.99999999999999,1.0119047619047619
7,Y,M,2.834467120181406E-4,41.99999999999999,0.011904761904761904
7,Y,R,2.834467120181406E-4,41.99999999999999,0.011904761904761904
8,T,A,0.04212962962962958,24.00000000000003,1.011111111111111
8,T,B,4.6296296296296244E-4,24.00000000000003,0.011111111111111112
8,T,C,4.6296296296296244E-4,24.00000000000003,0.011111111111111112
8,T,D,4.6296296296296244E-4,24.00000000000003,0.011111111111111112
8,T,E,4.6296296296296244E-4,24.00000000000003,0.011111111111111112
8,T,F,4.6296296296296244E-4,24.00000000000003,0.011111111111111112
8,T,G,4.6296296296296244E-4,24.00000000000003,0.011111111111111112
8,T,H,4.6296296296296244E-4,24.00000000000003,0.011111111111111112
8,T,I,4.6296296296296244E-4,24.00000000000003,0.011111111111111112
8,T,J,4.6296296296296244E-4,24.00000000000003,0.011111111111111112
8,T,K,4.6296296296296244E-4,24.00000000000003,0.011111111111111112
8,T,L,0.04212962962962958,24.00000000000003,1.011111111111111
8,T,M,4.6296296296296244E-4,24.00000000000003,0.011111111111111112
8,T,N,4.6296296296296244E-4,24.00000000000003,0.011111111111111112
8,T,R,4.6296296296296244E-4,24.00000000000003,0.011111111111111112
8,U,A,4.6296296296296244E-4,24.00000000000003,0.011111111111111112
8,U,B,0.20879629629629604,24.00000000000003,5.011111111111111
8,U,C,4.6296296296296244E-4,24.00000000000003,0.011111111111111112
8,U,D,4.6296296296296244E-4,24.00000000000003,0.011111111111111112
8,U,E,4.6296296296296244E-4,24.00000000000003,0.011111111111111112
8,U,F,4.6296296296296244E-4,24.00000000000003,0.011111111111111112
8,U,G,4.6296296296296244E-4,24.00000000000003,0.011111111111111112
8,U,H,4.6296296296296244E-4,24.00000000000003,0.011111111111111112
8,U,I,4.6296296296296244E-4,24.00000000000003,0.011111111111111112
8,U,J,4.6296296296296244E-4,24.00000000000003,0.011111111111111112
8,U,K,4.6296296296296244E-4,24.00000000000003,0.011111111111111112
8,U,L,4.6296296296296244E-4,24.00000000000003,0.011111111111111112
8,U,M,4.6296296296296244E-4,24.00000000000003,0.011111111111111112
8,U,N,4.6296296296296244E-4,24.00000000000003,0.011111111111111112
8,U,R,4.6296296296296244E-4,24.00000000000003,0.011111111111111112
8,V,A,4.6296296296296244E-4,24.00000000000003,0.011111111111111112
8,V,B,0.0837962962962962,24.00000000000003,2.011111111111111
8,V,C,4.6296296296296244E-4,24.00000000000003,0.011111111111111112
8,V,D,4.6296296296296244E-4,24.00000000000003,0.011111111111111112
8,V,E,4.6296296296296244E-4,24.00000000000003,0.011111111111111112
8,V,F,4.6296296296296244E-4,24.00000000000003,0.011111111111111112
8,V,G,4.6296296296296244E-4,24.00000000000003,0.011111111111111112
8,V,H,4.6296296296296244E-4,24.00000000000003,0.011111111111111112
8,V,I,4.6296296296296244E-4,24.00000000000003,0.011111111111111112
8,V,J,4.6296296296296244E-4,24.00000000000003,0.011111111111111112
8,V,K,4.6296296296296244E-4,24.00000000000003,0.011111111111111112
8,V,L,4.6296296296296244E-4,24.00000000000003,0.011111111111111112
8,V,M,4.6296296296296244E-4,24.00000000000003,0.011111111111111112
8,V,N,4.6296296296296244E-4,24.00000000000003,0.011111111111111112
8,V,R,4.6296296296296244E-4,24.00000000000003,0.011111111111111112
8,W,A,4.6296296296296244E-4,24.00000000000003,0.011111111111111112
8,W,B,4.6296296296296244E-4,24.00000000000003,0.011111111111111112
8,W,C,4.6296296296296244E-4,24.00000000000003,0.011111111111111112
8,W,D,4.6296296296296244E-4,24.00000000000003,0.011111111111111112
8,W,E,4.6296296296296244E-4,24.00000000000003,0.011111111111111112
8,W,F,4.6296296296296244E-4,24.00000000000003,0.011111111111111112
8,W,G,4.6296296296296244E-4,24.00000000000003,0.011111111111111112
8,W,H,4.6296296296296244E-4,24.00000000000003,0.011111111111111112
8,W,I,4.6296296296296244E-4,24.00000000000003,0.011111111111111112
8,W,J,4.6296296296296244E-4,24.00000000000003,0.011111111111111112
8,W,K,4.6296296296296244E-4,24.00000000000003,0.011111111111111112
8,W,L,4.6296296296296244E-4,24.00000000000003,0.011111111111111112
8,W,M,4.6296296296296244E-4,24.00000000000003,0.011111111111111112
8,W,N,4.6296296296296244E-4,24.00000000000003,0.011111111111111112
8,W,R,4.6296296296296244E-4,24.00000000000003,0.011111111111111112
8,X,A,0.04212962962962958,24.00000000000003,1.011111111111111
8,X,B,0.16712962962962943,24.00000000000003,4.011111111111111
8,X,C,4.6296296296296244E-4,24.00000000000003,0.011111111111111112
8,X,D,0.0837962962962962,24.00000000000003,2.011111111111111
8,X,E,0.04212962962962958,24.00000000000003,1.011111111111111
8,X,F,4.6296296296296244E-4,24.00000000000003,0.011111111111111112
8,X,G,4.6296296296296244E-4,24.00000000000003,0.011111111111111112
8,X,H,4.6296296296296244E-4,24.00000000000003,0.011111111111111112
8,X,I,4.6296296296296244E-4,24.00000000000003,0.011111111111111112
8,X,J,4.6296296296296244E-4,24.00000000000003,0.011111111111111112
8,X,K,4.6296296296296244E-4,24.00000000000003,0.011111111111111112
8,X,L,4.6296296296296244E-4,24.00000000000003,0.011111111111111112
8,X,M,4.6296296296296244E-4,24.00000000000003,0.011111111111111112
8,X,N,0.1254629629629628,24.00000000000003,3.011111111111111
8,X,R,0.04212962962962958,24.00000000000003,1.011111111111111
8,Y,A,4.6296296296296244E-4,24.00000000000003,0.011111111111111112
8,Y,B,0.0837962962962962,24.00000000000003,2.011111111111111
8,Y,C,4.6296296296296244E-4,24.00000000000003,0.011111111111111112
8,Y,D,4.6296296296296244E-4,24.00000000000003,0.011111111111111112
8,Y,E,4.6296296296296244E-4,24.00000000000003,0.011111111111111112
8,Y,F,4.6296296296296244E-4,24.00000000000003,0.011111111111111112
8,Y,G,4.6296296296296244E-4,24.00000000000003,0.011111111111111112
8,Y,H,4.6296296296296244E-4,24.00000000000003,0.011111111111111112
8,Y,I,4.6296296296296244E-4,24.00000000000003,0.011111111111111112
8,Y,J,4.6296296296296244E-4,24.00000000000003,0.011111111111111112
8,Y,K,4.6296296296296244E-4,24.00000000000003,0.011111111111111112
8,Y,L,4.6296296296296244E-4,24.00000000000003,0.011111111111111112
8,Y,M,4.6296296296296244E-4,24.00000000000003,0.011111111111111112
8,Y,N,4.6296296296296244E-4,24.00000000000003,0.011111111111111112
8,Y,R,4.6296296296296244E-4,24.00000000000003,0.011111111111111112
9,T,A,0.036111111111111045,28.00000000000005,1.011111111111111
9,T,B,0.143253968253968,28.00000000000005,4.011111111111111
9,T,C,3.968253968253961E-4,28.00000000000005,0.011111111111111112
9,T,D,3.968253968253961E-4,28.00000000000005,0.011111111111111112
9,T,E,3.968253968253961E-4,28.00000000000005,0.011111111111111112
9,T,F,3.968253968253961E-4,28.00000000000005,0.011111111111111112
9,T,G,3.968253968253961E-4,28.00000000000005,0.011111111111111112
9,T,H,3.968253968253961E-4,28.00000000000005,0.011111111111111112
9,T,I,3.968253968253961E-4,28.00000000000005,0.011111111111111112
9,T,J,3.968253968253961E-4,28.00000000000005,0.011111111111111112
9,T,K,3.968253968253961E-4,28.00000000000005,0.011111111111111112
9,T,L,3.968253968253961E-4,28.00000000000005,0.011111111111111112
9,T,M,3.968253968253961E-4,28.00000000000005,0.011111111111111112
9,T,N,3.968253968253961E-4,28.00000000000005,0.011111111111111112
9,T,R,3.968253968253961E-4,28.00000000000005,0.011111111111111112
9,U,A,0.036111111111111045,28.00000000000005,1.011111111111111
9,U,B,0.0718253968253967,28.00000000000005,2.011111111111111
9,U,C,3.968253968253961E-4,28.00000000000005,0.011111111111111112
9,U,D,3.968253968253961E-4,28.00000000000005,0.011111111111111112
9,U,E,3.968253968253961E-4,28.00000000000005,0.011111111111111112
9,U,F,3.968253968253961E-4,28.00000000000005,0.011111111111111112
9,U,G,3.968253968253961E-4,28.00000000000005,0.011111111111111112
9,U,H,3.968253968253961E-4,28.00000000000005,0.011111111111111112
9,U,I,3.968253968253961E-4,28.00000000000005,0.011111111111111112
9,U,J,3.968253968253961E-4,28.00000000000005,0.011111111111111112
9,U,K,3.968253968253961E-4,28.00000000000005,0.011111111111111112
9,U,L,0.10753968253968235,28.00000000000005,3.011111111111111
9,U,M,3.968253968253961E-4,28.00000000000005,0.011111111111111112
9,U,N,3.968253968253961E-4,28.00000000000005,0.011111111111111112
9,U,R,3.968253968253961E-4,28.00000000000005,0.011111111111111112
9,V,A,3.968253968253961E-4,28.00000000000005,0.011111111111111112
9,V,B,3.968253968253961E-4,28.00000000000005,0.011111111111111112
9,V,C,3.968253968253961E-4,28.00000000000005,0.011111111111111112
9,V,D,3.968253968253961E-4,28.00000000000005,0.011111111111111112
9,V,E,3.968253968253961E-4,28.00000000000005,0.011111111111111112
9,V,F,3.968253968253961E-4,28.00000000000005,0.011111111111111112
9,V,G,3.968253968253961E-4,28.00000000000005,0.011111111111111112
9,V,H,3.968253968253961E-4,28.00000000000005,0.011111111111111112
9,V,I,3.968253968253961E-4,28.00000000000005,0.011111111111111112
9,V,J,3.968253968253961E-4,28.00000000000005,0.011111111111111112
9,V,K,3.968253968253961E-4,28.00000000000005,0.011111111111111112
9,V,L,3.968253968253961E-4,28.00000000000005,0.011111111111111112
9,V,M,3.968253968253961E-4,28.00000000000005,0.011111111111111112
9,V,N,3.968253968253961E-4,28.00000000000005,0.011111111111111112
9,V,R,3.968253968253961E-4,28.00000000000005,0.011111111111111112
9,W,A,3.968253968253961E-4,28.00000000000005,0.011111111111111112
9,W,B,3.968253968253961E-4,28.00000000000005,0.011111111111111112
9,W,C,3.968253968253961E-4,28.00000000000005,0.011111111111111112
9,W,D,3.968253968253961E-4,28.00000000000005,0.011111111111111112
9,W,E,3.968253968253961E-4,28.00000000000005,0.011111111111111112
9,W,F,3.968253968253961E-4,28.00000000000005,0.011111111111111112
9,W,G,3.968253968253961E-4,28.00000000000005,0.011111111111111112
9,W,H,3.968253968253961E-4,28.00000000000005,0.011111111111111112
9,W,I,3.968253968253961E-4,28.00000000000005,0.011111111111111112
9,W,J,3.968253968253961E-4,28.00000000000005,0.011111111111111112
9,W,K,3.968253968253961E-4,28.00000000000005,0.011111111111111112
9,W,L,3.968253968253961E-4,28.00000000000005,0.011111111111111112
9,W,M,3.968253968253961E-4,28.00000000000005,0.011111111111111112
9,W,N,3.968253968253961E-4,28.00000000000005,0.011111111111111112
9,W,R,0.0718253968253967,28.00000000000005,2.011111111111111
9,X,A,0.036111111111111045,28.00000000000005,1.011111111111111
9,X,B,0.0718253968253967,28.00000000000005,2.011111111111111
9,X,C,3.968253968253961E-4,28.00000000000005,0.011111111111111112
9,X,D,3.968253968253961E-4,28.00000000000005,0.011111111111111112
9,X,E,3.968253968253961E-4,28.00000000000005,0.011111111111111112
9,X,F,3.968253968253961E-4,28.00000000000005,0.011111111111111112
9,X,G,3.968253968253961E-4,28.00000000000005,0.011111111111111112
9,X,H,3.968253968253961E-4,28.00000000000005,0.011111111111111112
9,X,I,3.968253968253961E-4,28.00000000000005,0.011111111111111112
9,X,J,0.0718253968253967,28.00000000000005,2.011111111111111
9,X,K,3.968253968253961E-4,28.00000000000005,0.011111111111111112
9,X,L,3.968253968253961E-4,28.00000000000005,0.011111111111111112
9,X,M,3.968253968253961E-4,28.00000000000005,0.011111111111111112
9,X,N,0.036111111111111045,28.00000000000005,1.011111111111111
9,X,R,0.25039682539682495,28.00000000000005,7.011111111111111
9,Y,A,0.036111111111111045,28.00000000000005,1.011111111111111
9,Y,B,3.968253968253961E-4,28.00000000000005,0.011111111111111112
9,Y,C,3.968253968253961E-4,28.00000000000005,0.011111111111111112
9,Y,D,3.968253968253961E-4,28.00000000000005,0.011111111111111112
9,Y,E,3.968253968253961E-4,28.00000000000005,0.011111111111111112
9,Y,F,3.968253968253961E-4,28.00000000000005,0.011111111111111112
9,Y,G,3.968253968253961E-4,28.00000000000005,0.011111111111111112
9,Y,H,3.968253968253961E-4,28.00000000000005,0.011111111111111112
9,Y,I,3.968253968253961E-4,28.00000000000005,0.011111111111111112
9,Y,J,3.968253968253961E-4,28.00000000000005,0.011111111111111112
9,Y,K,3.968253968253961E-4,28.00000000000005,0.011111111111111112
9,Y,L,3.968253968253961E-4,28.00000000000005,0.011111111111111112
9,Y,M,3.968253968253961E-4,28.00000000000005,0.011111111111111112
9,Y,N,3.968253968253961E-4,28.00000000000005,0.011111111111111112
9,Y,R,3.968253968253961E-4,28.00000000000005,0.011111111111111112
10,T,A,3.267973856209146E-4,34.00000000000005,0.011111111111111112
10,T,B,0.11797385620915016,34.00000000000005,4.011111111111111
10,T,C,3.267973856209146E-4,34.00000000000005,0.011111111111111112
10,T,D,3.267973856209146E-4,34.00000000000005,0.011111111111111112
10,T,E,3.267973856209146E-4,34.00000000000005,0.011111111111111112
10,T,F,3.267973856209146E-4,34.00000000000005,0.011111111111111112
10,T,G,3.267973856209146E-4,34.00000000000005,0.011111111111111112
10,T,H,3.267973856209146E-4,34.00000000000005,0.011111111111111112
10,T,I,0.029738562091503225,34.00000000000005,1.011111111111111
10,T,J,3.267973856209146E-4,34.00000000000005,0.011111111111111112
10,T,K,3.267973856209146E-4,34.00000000000005,0.011111111111111112
10,T,L,0.029738562091503225,34.00000000000005,1.011111111111111
10,T,M,3.267973856209146E-4,34.00000000000005,0.011111111111111112
10,T,N,3.267973856209146E-4,34.00000000000005,0.011111111111111112
10,T,R,3.267973856209146E-4,34.00000000000005,0.011111111111111112
10,U,A,3.267973856209146E-4,34.00000000000005,0.011111111111111112
10,U,B,0.059150326797385536,34.00000000000005,2.011111111111111
10,U,C,3.267973856209146E-4,34.00000000000005,0.011111111111111112
10,U,D,3.267973856209146E-4,34.00000000000005,0.011111111111111112
10,U,E,0.029738562091503225,34.00000000000005,1.011111111111111
10,U,F,3.267973856209146E-4,34.00000000000005,0.011111111111111112
10,U,G,3.267973856209146E-4,34.00000000000005,0.011111111111111112
10,U,H,3.267973856209146E-4,34.00000000000005,0.011111111111111112
10,U,I,3.267973856209146E-4,34.00000000000005,0.011111111111111112
10,U,J,3.267973856209146E-4,34.00000000000005,0.011111111111111112
10,U,K,3.267973856209146E-4,34.00000000000005,0.011111111111111112
10,U,L,3.267973856209146E-4,34.00000000000005,0.011111111111111112
10,U,M,3.267973856209146E-4,34.00000000000005,0.011111111111111112
10,U,N,0.029738562091503225,34.00000000000005,1.011111111111111
10,U,R,3.267973856209146E-4,34.00000000000005,0.011111111111111112
10,V,A,3.267973856209146E-4,34.00000000000005,0.011111111111111112
10,V,B,3.267973856209146E-4,34.00000000000005,0.011111111111111112
10,V,C,3.267973856209146E-4,34.00000000000005,0.011111111111111112
10,V,D,3.267973856209146E-4,34.00000000000005,0.011111111111111112
10,V,E,3.267973856209146E-4,34.00000000000005,0.011111111111111112
10,V,F,3.267973856209146E-4,34.00000000000005,0.011111111111111112
10,V,G,3.267973856209146E-4,34.00000000000005,0.011111111111111112
10,V,H,3.267973856209146E-4,34.00000000000005,0.011111111111111112
10,V,I,3.267973856209146E-4,34.00000000000005,0.011111111111111112
10,V,J,3.267973856209146E-4,34.00000000000005,0.011111111111111112
10,V,K,3.267973856209146E-4,34.00000000000005,0.011111111111111112
10,V,L,3.267973856209146E-4,34.00000000000005,0.011111111111111112
10,V,M,3.267973856209146E-4,34.00000000000005,0.011111111111111112
10,V,N,3.267973856209146E-4,34.00000000000005,0.011111111111111112
10,V,R,3.267973856209146E-4,34.00000000000005,0.011111111111111112
10,W,A,3.267973856209146E-4,34.00000000000005,0.011111111111111112
10,W,B,0.029738562091503225,34.00000000000005,1.011111111111111
10,W,C,3.267973856209146E-4,34.00000000000005,0.011111111111111112
10,W,D,3.267973856209146E-4,34.00000000000005,0.011111111111111112
10,W,E,3.267973856209146E-4,34.00000000000005,0.011111111111111112
10,W,F,3.267973856209146E-4,34.00000000000005,0.011111111111111112
10,W,G,3.267973856209146E-4,34.00000000000005,0.011111111111111112
10,W,H,3.267973856209146E-4,34.00000000000005,0.011111111111111112
10,W,I,3.267973856209146E-4,34.00000000000005,0.011111111111111112
10,W,J,3.267973856209146E-4,34.00000000000005,0.011111111111111112
10,W,K,3.267973856209146E-4,34.00000000000005,0.011111111111111112
10,W,L,3.267973856209146E-4,34.00000000000005,0.011111111111111112
10,W,M,3.267973856209146E-4,34.00000000000005,0.011111111111111112
10,W,N,3.267973856209146E-4,34.00000000000005,0.011111111111111112
10,W,R,0.08856209150326784,34.00000000000005,3.011111111111111
10,X,A,3.267973856209146E-4,34.00000000000005,0.011111111111111112
10,X,B,0.14738562091503246,34.00000000000005,5.011111111111111
10,X,C,3.267973856209146E-4,34.00000000000005,0.011111111111111112
10,X,D,3.267973856209146E-4,34.00000000000005,0.011111111111111112
10,X,E,0.029738562091503225,34.00000000000005,1.011111111111111
10,X,F,3.267973856209146E-4,34.00000000000005,0.011111111111111112
10,X,G,3.267973856209146E-4,34.00000000000005,0.011111111111111112
10,X,H,3.267973856209146E-4,34.00000000000005,0.011111111111111112
10,X,I,3.267973856209146E-4,34.00000000000005,0.011111111111111112
10,X,J,0.029738562091503225,34.00000000000005,1.011111111111111
10,X,K,3.267973856209146E-4,34.00000000000005,0.011111111111111112
10,X,L,3.267973856209146E-4,34.00000000000005,0.011111111111111112
10,X,M,3.267973856209146E-4,34.00000000000005,0.011111111111111112
10,X,N,0.11797385620915016,34.00000000000005,4.011111111111111
10,X,R,0.2356209150326794,34.00000000000005,8.011111111111111
10,Y,A,3.267973856209146E-4,34.00000000000005,0.011111111111111112
10,Y,B,3.267973856209146E-4,34.00000000000005,0.011111111111111112
10,Y,C,3.267973856209146E-4,34.00000000000005,0.011111111111111112
10,Y,D,3.267973856209146E-4,34.00000000000005,0.011111111111111112
10,Y,E,3.267973856209146E-4,34.00000000000005,0.011111111111111112
10,Y,F,3.267973856209146E-4,34.00000000000005,0.011111111111111112
10,Y,G,3.267973856209146E-4,34.00000000000005,0.011111111111111112
10,Y,H,3.267973856209146E-4,34.00000000000005,0.011111111111111112
10,Y,I,3.267973856209146E-4,34.00000000000005,0.011111111111111112
10,Y,J,3.267973856209146E-4,34.00000000000005,0.011111111111111112
10,Y,K,3.267973856209146E-4,34.00000000000005,0.011111111111111112
10,Y,L,3.267973856209146E-4,34.00000000000005,0.011111111111111112
10,Y,M,3.267973856209146E-4,34.00000000000005,0.011111111111111112
10,Y,N,3.267973856209146E-4,34.00000000000005,0.011111111111111112
10,Y,R,3.267973856209146E-4,34.00000000000005,0.011111111111111112
11,T,A,5.48245614035088E-4,18.99999999999999,0.010416666666666666
11,T,B,5.48245614035088E-4,18.99999999999999,0.010416666666666666
11,T,C,5.48245614035088E-4,18.99999999999999,0.010416666666666666
11,T,D,5.48245614035088E-4,18.99999999999999,0.010416666666666666
11,T,E,5.48245614035088E-4,18.99999999999999,0.010416666666666666
11,T,F,5.48245614035088E-4,18.99999999999999,0.010416666666666666
11,T,G,5.48245614035088E-4,18.99999999999999,0.010416666666666666
11,T,H,5.48245614035088E-4,18.99999999999999,0.010416666666666666
11,T,I,5.48245614035088E-4,18.99999999999999,0.010416666666666666
11,T,J,5.48245614035088E-4,18.99999999999999,0.010416666666666666
11,T,K,5.48245614035088E-4,18.99999999999999,0.010416666666666666
11,T,L,5.48245614035088E-4,18.99999999999999,0.010416666666666666
11,T,M,5.48245614035088E-4,18.99999999999999,0.010416666666666666
11,T,N,5.48245614035088E-4,18.99999999999999,0.010416666666666666
11,T,R,5.48245614035088E-4,18.99999999999999,0.010416666666666666
11,T,S,5.48245614035088E-4,18.99999999999999,0.010416666666666666
11,U,A,5.48245614035088E-4,18.99999999999999,0.010416666666666666
11,U,B,0.21107456140350891,18.99999999999999,4.010416666666667
11,U,C,5.48245614035088E-4,18.99999999999999,0.010416666666666666
11,U,D,5.48245614035088E-4,18.99999999999999,0.010416666666666666
11,U,E,5.48245614035088E-4,18.99999999999999,0.010416666666666666
11,U,F,0.05317982456140354,18.99999999999999,1.0104166666666667
11,U,G,5.48245614035088E-4,18.99999999999999,0.010416666666666666
11,U,H,5.48245614035088E-4,18.99999999999999,0.010416666666666666
11,U,I,5.48245614035088E-4,18.99999999999999,0.010416666666666666
11,U,J,5.48245614035088E-4,18.99999999999999,0.010416666666666666
11,U,K,5.48245614035088E-4,18.99999999999999,0.010416666666666666
11,U,L,5.48245614035088E-4,18.99999999999999,0.010416666666666666
11,U,M,5.48245614035088E-4,18.99999999999999,0.010416666666666666
11,U,N,0.05317982456140354,18.99999999999999,1.0104166666666667
11,U,R,5.48245614035088E-4,18.99999999999999,0.010416666666666666
11,U,S,5.48245614035088E-4,18.99999999999999,0.010416666666666666
11,V,A,5.48245614035088E-4,18.99999999999999,0.010416666666666666
11,V,B,5.48245614035088E-4,18.99999999999999,0.010416666666666666
11,V,C,5.48245614035088E-4,18.99999999999999,0.010416666666666666
11,V,D,5.48245614035088E-4,18.99999999999999,0.010416666666666666
11,V,E,5.48245614035088E-4,18.99999999999999,0.010416666666666666
11,V,F,5.48245614035088E-4,18.99999999999999,0.010416666666666666
11,V,G,5.48245614035088E-4,18.99999999999999,0.010416666666666666
11,V,H,5.48245614035088E-4,18.99999999999999,0.010416666666666666
11,V,I,5.48245614035088E-4,18.99999999999999,0.010416666666666666
11,V,J,5.48245614035088E-4,18.99999999999999,0.010416666666666666
11,V,K,5.48245614035088E-4,18.99999999999999,0.010416666666666666
11,V,L,5.48245614035088E-4,18.99999999999999,0.010416666666666666
11,V,M,5.48245614035088E-4,18.99999999999999,0.010416666666666666
11,V,N,5.48245614035088E-4,18.99999999999999,0.010416666666666666
11,V,R,5.48245614035088E-4,18.99999999999999,0.010416666666666666
11,V,S,5.48245614035088E-4,18.99999999999999,0.010416666666666666
11,W,A,5.48245614035088E-4,18.99999999999999,0.010416666666666666
11,W,B,0.05317982456140354,18.99999999999999,1.0104166666666667
11,W,C,5.48245614035088E-4,18.99999999999999,0.010416666666666666
11,W,D,5.48245614035088E-4,18.99999999999999,0.010416666666666666
11,W,E,5.48245614035088E-4,18.99999999999999,0.010416666666666666
11,W,F,5.48245614035088E-4,18.99999999999999,0.010416666666666666
11,W,G,5.48245614035088E-4,18.99999999999999,0.010416666666666666
11,W,H,5.48245614035088E-4,18.99999999999999,0.010416666666666666
11,W,I,5.48245614035088E-4,18.99999999999999,0.010416666666666666
11,W,J,5.48245614035088E-4,18.99999999999999,0.010416666666666666
11,W,K,5.48245614035088E-4,18.99999999999999,0.010416666666666666
11,W,L,5.48245614035088E-4,18.99999999999999,0.010416666666666666
11,W,M,5.48245614035088E-4,18.99999999999999,0.010416666666666666
11,W,N,5.48245614035088E-4,18.99999999999999,0.010416666666666666
11,W,R,0.05317982456140354,18.99999999999999,1.0104166666666667
11,W,S,5.48245614035088E-4,18.99999999999999,0.010416666666666666
11,X,A,5.48245614035088E-4,18.99999999999999,0.010416666666666666
11,X,B,0.10581140350877198,18.99999999999999,2.0104166666666665
11,X,C,5.48245614035088E-4,18.99999999999999,0.010416666666666666
11,X,D,5.48245614035088E-4,18.99999999999999,0.010416666666666666
11,X,E,5.48245614035088E-4,18.99999999999999,0.010416666666666666
11,X,F,5.48245614035088E-4,18.99999999999999,0.010416666666666666
11,X,G,5.48245614035088E-4,18.99999999999999,0.010416666666666666
11,X,H,5.48245614035088E-4,18.99999999999999,0.010416666666666666
11,X,I,5.48245614035088E-4,18.99999999999999,0.010416666666666666
11,X,J,5.48245614035088E-4,18.99999999999999,0.010416666666666666
11,X,K,5.48245614035088E-4,18.99999999999999,0.010416666666666666
11,X,L,0.05317982456140354,18.99999999999999,1.0104166666666667
11,X,M,5.48245614035088E-4,18.99999999999999,0.010416666666666666
11,X,N,0.10581140350877198,18.99999999999999,2.0104166666666665
11,X,R,0.21107456140350891,18.99999999999999,4.010416666666667
11,X,S,5.48245614035088E-4,18.99999999999999,0.010416666666666666
11,Y,A,5.48245614035088E-4,18.99999999999999,0.010416666666666666
11,Y,B,0.05317982456140354,18.99999999999999,1.0104166666666667
11,Y,C,5.48245614035088E-4,18.99999999999999,0.010416666666666666
11,Y,D,5.48245614035088E-4,18.99999999999999,0.010416666666666666
11,Y,E,5.48245614035088E-4,18.99999999999999,0.010416666666666666
11,Y,F,5.48245614035088E-4,18.99999999999999,0.010416666666666666
11,Y,G,5.48245614035088E-4,18.99999999999999,0.010416666666666666
11,Y,H,5.48245614035088E-4,18.99999999999999,0.010416666666666666
11,Y,I,5.48245614035088E-4,18.99999999999999,0.010416666666666666
11,Y,J,5.48245614035088E-4,18.99999999999999,0.010416666666666666
11,Y,K,5.48245614035088E-4,18.99999999999999,0.010416666666666666
11,Y,L,5.48245614035088E-4,18.99999999999999,0.010416666666666666
11,Y,M,5.48245614035088E-4,18.99999999999999,0.010416666666666666
11,Y,N,5.48245614035088E-4,18.99999999999999,0.010416666666666666
11,Y,R,5.48245614035088E-4,18.99999999999999,0.010416666666666666
11,Y,S,5.48245614035088E-4,18.99999999999999,0.010416666666666666
12,T,A,6.127450980392167E-4,16.99999999999997,0.010416666666666666
12,T,B,6.127450980392167E-4,16.99999999999997,0.010416666666666666
12,T,C,0.05943627450980402,16.99999999999997,1.0104166666666667
12,T,D,6.127450980392167E-4,16.99999999999997,0.010416666666666666
12,T,E,6.127450980392167E-4,16.99999999999997,0.010416666666666666
12,T,F,6.127450980392167E-4,16.99999999999997,0.010416666666666666
12,T,G,6.127450980392167E-4,16.99999999999997,0.010416666666666666
12,T,H,6.127450980392167E-4,16.99999999999997,0.010416666666666666
12,T,I,6.127450980392167E-4,16.99999999999997,0.010416666666666666
12,T,J,6.127450980392167E-4,16.99999999999997,0.010416666666666666
12,T,K,6.127450980392167E-4,16.99999999999997,0.010416666666666666
12,T,L,6.127450980392167E-4,16.99999999999997,0.010416666666666666
12,T,M,6.127450980392167E-4,16.99999999999997,0.010416666666666666
12,T,N,6.127450980392167E-4,16.99999999999997,0.010416666666666666
12,T,R,0.23590686274509845,16.99999999999997,4.010416666666667
12,T,S,6.127450980392167E-4,16.99999999999997,0.010416666666666666
12,U,A,6.127450980392167E-4,16.99999999999997,0.010416666666666666
12,U,B,0.11825980392156882,16.99999999999997,2.0104166666666665
12,U,C,6.127450980392167E-4,16.99999999999997,0.010416666666666666
12,U,D,6.127450980392167E-4,16.99999999999997,0.010416666666666666
12,U,E,6.127450980392167E-4,16.99999999999997,0.010416666666666666
12,U,F,6.127450980392167E-4,16.99999999999997,0.010416666666666666
12,U,G,6.127450980392167E-4,16.99999999999997,0.010416666666666666
12,U,H,6.127450980392167E-4,16.99999999999997,0.010416666666666666
12,U,I,6.127450980392167E-4,16.99999999999997,0.010416666666666666
12,U,J,6.127450980392167E-4,16.99999999999997,0.010416666666666666
12,U,K,6.127450980392167E-4,16.99999999999997,0.010416666666666666
12,U,L,6.127450980392167E-4,16.99999999999997,0.010416666666666666
12,U,M,6.127450980392167E-4,16.99999999999997,0.010416666666666666
12,U,N,6.127450980392167E-4,16.99999999999997,0.010416666666666666
12,U,R,0.17708333333333362,16.99999999999997,3.0104166666666665
12,U,S,6.127450980392167E-4,16.99999999999997,0.010416666666666666
12,V,A,6.127450980392167E-4,16.99999999999997,0.010416666666666666
12,V,B,6.127450980392167E-4,16.99999999999997,0.010416666666666666
12,V,C,6.127450980392167E-4,16.99999999999997,0.010416666666666666
12,V,D,6.127450980392167E-4,16.99999999999997,0.010416666666666666
12,V,E,6.127450980392167E-4,16.99999999999997,0.010416666666666666
12,V,F,6.127450980392167E-4,16.99999999999997,0.010416666666666666
12,V,G,6.127450980392167E-4,16.99999999999997,0.010416666666666666
12,V,H,6.127450980392167E-4,16.99999999999997,0.010416666666666666
12,V,I,6.127450980392167E-4,16.99999999999997,0.010416666666666666
12,V,J,6.127450980392167E-4,16.99999999999997,0.010416666666666666
12,V,K,6.127450980392167E-4,16.99999999999997,0.010416666666666666
12,V,L,6.127450980392167E-4,16.99999999999997,0.010416666666666666
12,V,M,6.127450980392167E-4,16.99999999999997,0.010416666666666666
12,V,N,6.127450980392167E-4,16.99999999999997,0.010416666666666666
12,V,R,6.127450980392167E-4,16.99999999999997,0.010416666666666666
12,V,S,6.127450980392167E-4,16.99999999999997,0.010416666666666666
12,W,A,6.127450980392167E-4,16.99999999999997,0.010416666666666666
12,W,B,6.127450980392167E-4,16.99999999999997,0.010416666666666666
12,W,C,6.127450980392167E-4,16.99999999999997,0.010416666666666666
12,W,D,6.127450980392167E-4,16.99999999999997,0.010416666666666666
12,W,E,6.127450980392167E-4,16.99999999999997,0.010416666666666666
12,W,F,6.127450980392167E-4,16.99999999999997,0.010416666666666666
12,W,G,6.127450980392167E-4,16.99999999999997,0.010416666666666666
12,W,H,6.127450980392167E-4,16.99999999999997,0.010416666666666666
12,W,I,6.127450980392167E-4,16.99999999999997,0.010416666666666666
12,W,J,6.127450980392167E-4,16.99999999999997,0.010416666666666666
12,W,K,6.127450980392167E-4,16.99999999999997,0.010416666666666666
12,W,L,6.127450980392167E-4,16.99999999999997,0.010416666666666666
12,W,M,6.127450980392167E-4,16.99999999999997,0.010416666666666666
12,W,N,6.127450980392167E-4,16.99999999999997,0.010416666666666666
12,W,R,0.05943627450980402,16.99999999999997,1.0104166666666667
12,W,S,6.127450980392167E-4,16.99999999999997,0.010416666666666666
12,X,A,0.05943627450980402,16.99999999999997,1.0104166666666667
12,X,B,6.127450980392167E-4,16.99999999999997,0.010416666666666666
12,X,C,6.127450980392167E-4,16.99999999999997,0.010416666666666666
12,X,D,6.127450980392167E-4,16.99999999999997,0.010416666666666666
12,X,E,6.127450980392167E-4,16.99999999999997,0.010416666666666666
12,X,F,6.127450980392167E-4,16.99999999999997,0.010416666666666666
12,X,G,6.127450980392167E-4,16.99999999999997,0.010416666666666666
12,X,H,6.127450980392167E-4,16.99999999999997,0.010416666666666666
12,X,I,6.127450980392167E-4,16.99999999999997,0.010416666666666666
12,X,J,6.127450980392167E-4,16.99999999999997,0.010416666666666666
12,X,K,6.127450980392167E-4,16.99999999999997,0.010416666666666666
12,X,L,6.127450980392167E-4,16.99999999999997,0.010416666666666666
12,X,M,6.127450980392167E-4,16.99999999999997,0.010416666666666666
12,X,N,0.23590686274509845,16.99999999999997,4.010416666666667
12,X,R,6.127450980392167E-4,16.99999999999997,0.010416666666666666
12,X,S,6.127450980392167E-4,16.99999999999997,0.010416666666666666
12,Y,A,6.127450980392167E-4,16.99999999999997,0.010416666666666666
12,Y,B,6.127450980392167E-4,16.99999999999997,0.010416666666666666
12,Y,C,6.127450980392167E-4,16.99999999999997,0.010416666666666666
12,Y,D,6.127450980392167E-4,16.99999999999997,0.010416666666666666
12,Y,E,6.127450980392167E-4,16.99999999999997,0.010416666666666666
12,Y,F,6.127450980392167E-4,16.99999999999997,0.010416666666666666
12,Y,G,6.127450980392167E-4,16.99999999999997,0.010416666666666666
12,Y,H,6.127450980392167E-4,16.99999999999997,0.010416666666666666
12,Y,I,6.127450980392167E-4,16.99999999999997,0.010416666666666666
12,Y,J,6.127450980392167E-4,16.99999999999997,0.010416666666666666
12,Y,K,6.127450980392167E-4,16.99999999999997,0.010416666666666666
12,Y,L,6.127450980392167E-4,16.99999999999997,0.010416666666666666
12,Y,M,6.127450980392167E-4,16.99999999999997,0.010416666666666666
12,Y,N,6.127450980392167E-4,16.99999999999997,0.010416666666666666
12,Y,R,6.127450980392167E-4,16.99999999999997,0.010416666666666666
12,Y,S,6.127450980392167E-4,16.99999999999997,0.010416666666666666
13,T,A,0.001157407407407407,9.000000000000004,0.010416666666666666
13,T,B,0.001157407407407407,9.000000000000004,0.010416666666666666
13,T,C,0.001157407407407407,9.000000000000004,0.010416666666666666
13,T,D,0.001157407407407407,9.000000000000004,0.010416666666666666
13,T,E,0.001157407407407407,9.000000000000004,0.010416666666666666
13,T,F,0.001157407407407407,9.000000000000004,0.010416666666666666
13,T,G,0.001157407407407407,9.000000000000004,0.010416666666666666
13,T,H,0.001157407407407407,9.000000000000004,0.010416666666666666
13,T,I,0.001157407407407407,9.000000000000004,0.010416666666666666
13,T,J,0.001157407407407407,9.000000000000004,0.010416666666666666
13,T,K,0.001157407407407407,9.000000000000004,0.010416666666666666
13,T,L,0.2233796296296295,9.000000000000004,2.0104166666666665
13,T,M,0.001157407407407407,9.000000000000004,0.010416666666666666
13,T,N,0.11226851851851848,9.000000000000004,1.0104166666666667
13,T,R,0.001157407407407407,9.000000000000004,0.010416666666666666
13,T,S,0.001157407407407407,9.000000000000004,0.010416666666666666
13,U,A,0.001157407407407407,9.000000000000004,0.010416666666666666
13,U,B,0.001157407407407407,9.000000000000004,0.010416666666666666
13,U,C,0.001157407407407407,9.000000000000004,0.010416666666666666
13,U,D,0.001157407407407407,9.000000000000004,0.010416666666666666
13,U,E,0.001157407407407407,9.000000000000004,0.010416666666666666
13,U,F,0.001157407407407407,9.000000000000004,0.010416666666666666
13,U,G,0.001157407407407407,9.000000000000004,0.010416666666666666
13,U,H,0.001157407407407407,9.000000000000004,0.010416666666666666
13,U,I,0.001157407407407407,9.000000000000004,0.010416666666666666
13,U,J,0.001157407407407407,9.000000000000004,0.010416666666666666
13,U,K,0.001157407407407407,9.000000000000004,0.010416666666666666
13,U,L,0.001157407407407407,9.000000000000004,0.010416666666666666
13,U,M,0.001157407407407407,9.000000000000004,0.010416666666666666
13,U,N,0.001157407407407407,9.000000000000004,0.010416666666666666
13,U,R,0.11226851851851848,9.000000000000004,1.0104166666666667
13,U,S,0.001157407407407407,9.000000000000004,0.010416666666666666
13,V,A,0.001157407407407407,9.000000000000004,0.010416666666666666
13,V,B,0.001157407407407407,9.000000000000004,0.010416666666666666
13,V,C,0.001157407407407407,9.000000000000004,0.010416666666666666
13,V,D,0.001157407407407407,9.000000000000004,0.010416666666666666
13,V,E,0.001157407407407407,9.000000000000004,0.010416666666666666
13,V,F,0.001157407407407407,9.000000000000004,0.010416666666666666
13,V,G,0.001157407407407407,9.000000000000004,0.010416666666666666
13,V,H,0.001157407407407407,9.000000000000004,0.010416666666666666
13,V,I,0.001157407407407407,9.000000000000004,0.010416666666666666
13,V,J,0.001157407407407407,9.000000000000004,0.010416666666666666
13,V,K,0.001157407407407407,9.000000000000004,0.010416666666666666
13,V,L,0.001157407407407407,9.000000000000004,0.010416666666666666
13,V,M,0.001157407407407407,9.000000000000004,0.010416666666666666
13,V,N,0.001157407407407407,9.000000000000004,0.010416666666666666
13,V,R,0.001157407407407407,9.000000000000004,0.010416666666666666
13,V,S,0.2233796296296295,9.000000000000004,2.0104166666666665
13,W,A,0.001157407407407407,9.000000000000004,0.010416666666666666
13,W,B,0.001157407407407407,9.000000000000004,0.010416666666666666
13,W,C,0.001157407407407407,9.000000000000004,0.010416666666666666
13,W,D,0.001157407407407407,9.000000000000004,0.010416666666666666
13,W,E,0.001157407407407407,9.000000000000004,0.010416666666666666
13,W,F,0.001157407407407407,9.000000000000004,0.010416666666666666
13,W,G,0.001157407407407407,9.000000000000004,0.010416666666666666
13,W,H,0.001157407407407407,9.000000000000004,0.010416666666666666
13,W,I,0.001157407407407407,9.000000000000004,0.010416666666666666
13,W,J,0.001157407407407407,9.000000000000004,0.010416666666666666
13,W,K,0.001157407407407407,9.000000000000004,0.010416666666666666
13,W,L,0.001157407407407407,9.000000000000004,0.010416666666666666
13,W,M,0.001157407407407407,9.000000000000004,0.010416666666666666
13,W,N,0.001157407407407407,9.000000000000004,0.010416666666666666
13,W,R,0.001157407407407407,9.000000000000004,0.010416666666666666
13,W,S,0.001157407407407407,9.000000000000004,0.010416666666666666
13,X,A,0.001157407407407407,9.000000000000004,0.010416666666666666
13,X,B,0.11226851851851848,9.000000000000004,1.0104166666666667
13,X,C,0.001157407407407407,9.000000000000004,0.010416666666666666
13,X,D,0.001157407407407407,9.000000000000004,0.010416666666666666
13,X,E,0.001157407407407407,9.000000000000004,0.010416666666666666
13,X,F,0.11226851851851848,9.000000000000004,1.0104166666666667
13,X,G,0.001157407407407407,9.000000000000004,0.010416666666666666
13,X,H,0.001157407407407407,9.000000000000004,0.010416666666666666
13,X,I,0.001157407407407407,9.000000000000004,0.010416666666666666
13,X,J,0.001157407407407407,9.000000000000004,0.010416666666666666
13,X,K,0.001157407407407407,9.000000000000004,0.010416666666666666
13,X,L,0.001157407407407407,9.000000000000004,0.010416666666666666
13,X,M,0.001157407407407407,9.000000000000004,0.010416666666666666
13,X,N,0.001157407407407407,9.000000000000004,0.010416666666666666
13,X,R,0.001157407407407407,9.000000000000004,0.010416666666666666
13,X,S,0.001157407407407407,9.000000000000004,0.010416666666666666
13,Y,A,0.001157407407407407,9.000000000000004,0.010416666666666666
13,Y,B,0.001157407407407407,9.000000000000004,0.010416666666666666
13,Y,C,0.001157407407407407,9.000000000000004,0.010416666666666666
13,Y,D,0.001157407407407407,9.000000000000004,0.010416666666666666
13,Y,E,0.001157407407407407,9.000000000000004,0.010416666666666666
13,Y,F,0.001157407407407407,9.000000000000004,0.010416666666666666
13,Y,G,0.001157407407407407,9.000000000000004,0.010416666666666666
13,Y,H,0.001157407407407407,9.000000000000004,0.010416666666666666
13,Y,I,0.001157407407407407,9.000000000000004,0.010416666666666666
13,Y,J,0.001157407407407407,9.000000000000004,0.010416666666666666
13,Y,K,0.001157407407407407,9.000000000000004,0.010416666666666666
13,Y,L,0.001157407407407407,9.000000000000004,0.010416666666666666
13,Y,M,0.001157407407407407,9.000000000000004,0.010416666666666666
13,Y,N,0.001157407407407407,9.000000000000004,0.010416666666666666
13,Y,R,0.001157407407407407,9.000000000000004,0.010416666666666666
13,Y,S,0.001157407407407407,9.000000000000004,0.010416666666666666
14,T,A,0.0034722222222222255,2.999999999999997,0.010416666666666666
14,T,B,0.3368055555555559,2.999999999999997,1.0104166666666667
14,T,C,0.0034722222222222255,2.999999999999997,0.010416666666666666
14,T,D,0.0034722222222222255,2.999999999999997,0.010416666666666666
14,T,E,0.0034722222222222255,2.999999999999997,0.010416666666666666
14,T,F,0.0034722222222222255,2.999999999999997,0.010416666666666666
14,T,G,0.0034722222222222255,2.999999999999997,0.010416666666666666
14,T,H,0.0034722222222222255,2.999999999999997,0.010416666666666666
14,T,I,0.0034722222222222255,2.999999999999997,0.010416666666666666
14,T,J,0.0034722222222222255,2.999999999999997,0.010416666666666666
14,T,K,0.0034722222222222255,2.999999999999997,0.010416666666666666
14,T,L,0.0034722222222222255,2.999999999999997,0.010416666666666666
14,T,M,0.0034722222222222255,2.999999999999997,0.010416666666666666
14,T,N,0.0034722222222222255,2.999999999999997,0.010416666666666666
14,T,R,0.0034722222222222255,2.999999999999997,0.010416666666666666
14,T,S,0.0034722222222222255,2.999999999999997,0.010416666666666666
14,U,A,0.0034722222222222255,2.999999999999997,0.010416666666666666
14,U,B,0.0034722222222222255,2.999999999999997,0.010416666666666666
14,U,C,0.0034722222222222255,2.999999999999997,0.010416666666666666
14,U,D,0.0034722222222222255,2.999999999999997,0.010416666666666666
14,U,E,0.0034722222222222255,2.999999999999997,0.010416666666666666
14,U,F,0.0034722222222222255,2.999999999999997,0.010416666666666666
14,U,G,0.0034722222222222255,2.999999999999997,0.010416666666666666
14,U,H,0.0034722222222222255,2.999999999999997,0.010416666666666666
14,U,I,0.0034722222222222255,2.999999999999997,0.010416666666666666
14,U,J,0.0034722222222222255,2.999999999999997,0.010416666666666666
14,U,K,0.0034722222222222255,2.999999999999997,0.010416666666666666
14,U,L,0.0034722222222222255,2.999999999999997,0.010416666666666666
14,U,M,0.0034722222222222255,2.999999999999997,0.010416666666666666
14,U,N,0.0034722222222222255,2.999999999999997,0.010416666666666666
14,U,R,0.0034722222222222255,2.999999999999997,0.010416666666666666
14,U,S,0.0034722222222222255,2.999999999999997,0.010416666666666666
14,V,A,0.0034722222222222255,2.999999999999997,0.010416666666666666
14,V,B,0.0034722222222222255,2.999999999999997,0.010416666666666666
14,V,C,0.0034722222222222255,2.999999999999997,0.010416666666666666
14,V,D,0.0034722222222222255,2.999999999999997,0.010416666666666666
14,V,E,0.0034722222222222255,2.999999999999997,0.010416666666666666
14,V,F,0.0034722222222222255,2.999999999999997,0.010416666666666666
14,V,G,0.0034722222222222255,2.999999999999997,0.010416666666666666
14,V,H,0.0034722222222222255,2.999999999999997,0.010416666666666666
14,V,I,0.0034722222222222255,2.999999999999997,0.010416666666666666
14,V,J,0.0034722222222222255,2.999999999999997,0.010416666666666666
14,V,K,0.0034722222222222255,2.999999999999997,0.010416666666666666
14,V,L,0.0034722222222222255,2.999999999999997,0.010416666666666666
14,V,M,0.0034722222222222255,2.999999999999997,0.010416666666666666
14,V,N,0.0034722222222222255,2.999999999999997,0.010416666666666666
14,V,R,0.0034722222222222255,2.999999999999997,0.010416666666666666
14,V,S,0.0034722222222222255,2.999999999999997,0.010416666666666666
14,W,A,0.0034722222222222255,2.999999999999997,0.010416666666666666
14,W,B,0.0034722222222222255,2.999999999999997,0.010416666666666666
14,W,C,0.0034722222222222255,2.999999999999997,0.010416666666666666
14,W,D,0.0034722222222222255,2.999999999999997,0.010416666666666666
14,W,E,0.0034722222222222255,2.999999999999997,0.010416666666666666
14,W,F,0.0034722222222222255,2.999999999999997,0.010416666666666666
14,W,G,0.0034722222222222255,2.999999999999997,0.010416666666666666
14,W,H,0.0034722222222222255,2.999999999999997,0.010416666666666666
14,W,I,0.0034722222222222255,2.999999999999997,0.010416666666666666
14,W,J,0.0034722222222222255,2.999999999999997,0.010416666666666666
14,W,K,0.0034722222222222255,2.999999999999997,0.010416666666666666
14,W,L,0.0034722222222222255,2.999999999999997,0.010416666666666666
14,W,M,0.0034722222222222255,2.999999999999997,0.010416666666666666
14,W,N,0.0034722222222222255,2.999999999999997,0.010416666666666666
14,W,R,0.0034722222222222255,2.999999999999997,0.010416666666666666
14,W,S,0.0034722222222222255,2.999999999999997,0.010416666666666666
14,X,A,0.0034722222222222255,2.999999999999997,0.010416666666666666
14,X,B,0.0034722222222222255,2.999999999999997,0.010416666666666666
14,X,C,0.0034722222222222255,2.999999999999997,0.010416666666666666
14,X,D,0.0034722222222222255,2.999999999999997,0.010416666666666666
14,X,E,0.0034722222222222255,2.999999999999997,0.010416666666666666
14,X,F,0.0034722222222222255,2.999999999999997,0.010416666666666666
14,X,G,0.0034722222222222255,2.999999999999997,0.010416666666666666
14,X,H,0.0034722222222222255,2.999999999999997,0.010416666666666666
14,X,I,0.0034722222222222255,2.999999999999997,0.010416666666666666
14,X,J,0.0034722222222222255,2.999999999999997,0.010416666666666666
14,X,K,0.0034722222222222255,2.999999999999997,0.010416666666666666
14,X,L,0.0034722222222222255,2.999999999999997,0.010416666666666666
14,X,M,0.0034722222222222255,2.999999999999997,0.010416666666666666
14,X,N,0.0034722222222222255,2.999999999999997,0.010416666666666666
14,X,R,0.0034722222222222255,2.999999999999997,0.010416666666666666
14,X,S,0.0034722222222222255,2.999999999999997,0.010416666666666666
14,Y,A,0.0034722222222222255,2.999999999999997,0.010416666666666666
14,Y,B,0.0034722222222222255,2.999999999999997,0.010416666666666666
14,Y,C,0.0034722222222222255,2.999999999999997,0.010416666666666666
14,Y,D,0.0034722222222222255,2.999999999999997,0.010416666666666666
14,Y,E,0.0034722222222222255,2.999999999999997,0.010416666666666666
14,Y,F,0.0034722222222222255,2.999999999999997,0.010416666666666666
14,Y,G,0.0034722222222222255,2.999999999999997,0.010416666666666666
14,Y,H,0.0034722222222222255,2.999999999999997,0.010416666666666666
14,Y,I,0.0034722222222222255,2.999999999999997,0.010416666666666666
14,Y,J,0.0034722222222222255,2.999999999999997,0.010416666666666666
14,Y,K,0.0034722222222222255,2.999999999999997,0.010416666666666666
14,Y,L,0.0034722222222222255,2.999999999999997,0.010416666666666666
14,Y,M,0.3368055555555559,2.999999999999997,1.0104166666666667
14,Y,N,0.0034722222222222255,2.999999999999997,0.010416666666666666
14,Y,R,0.0034722222222222255,2.999999999999997,0.010416666666666666
14,Y,S,0.0034722222222222255,2.999999999999997,0.010416666666666666
15,T,A,0.00694444444444445,1.9999999999999982,0.013888888888888888
15,T,B,0.00694444444444445,1.9999999999999982,0.013888888888888888
15,T,C,0.00694444444444445,1.9999999999999982,0.013888888888888888
15,T,D,0.00694444444444445,1.9999999999999982,0.013888888888888888
15,T,E,0.00694444444444445,1.9999999999999982,0.013888888888888888
15,T,G,0.00694444444444445,1.9999999999999982,0.013888888888888888
15,T,I,0.00694444444444445,1.9999999999999982,0.013888888888888888
15,T,J,0.00694444444444445,1.9999999999999982,0.013888888888888888
15,T,L,0.00694444444444445,1.9999999999999982,0.013888888888888888
15,T,M,0.00694444444444445,1.9999999999999982,0.013888888888888888
15,T,N,0.00694444444444445,1.9999999999999982,0.013888888888888888
15,T,S,0.00694444444444445,1.9999999999999982,0.013888888888888888
15,U,A,0.00694444444444445,1.9999999999999982,0.013888888888888888
15,U,B,0.00694444444444445,1.9999999999999982,0.013888888888888888
15,U,C,0.00694444444444445,1.9999999999999982,0.013888888888888888
15,U,D,0.00694444444444445,1.9999999999999982,0.013888888888888888
15,U,E,0.00694444444444445,1.9999999999999982,0.013888888888888888
15,U,G,0.00694444444444445,1.9999999999999982,0.013888888888888888
15,U,I,0.00694444444444445,1.9999999999999982,0.013888888888888888
15,U,J,0.00694444444444445,1.9999999999999982,0.013888888888888888
15,U,L,0.00694444444444445,1.9999999999999982,0.013888888888888888
15,U,M,0.00694444444444445,1.9999999999999982,0.013888888888888888
15,U,N,0.00694444444444445,1.9999999999999982,0.013888888888888888
15,U,S,0.00694444444444445,1.9999999999999982,0.013888888888888888
15,V,A,0.00694444444444445,1.9999999999999982,0.013888888888888888
15,V,B,0.00694444444444445,1.9999999999999982,0.013888888888888888
15,V,C,0.00694444444444445,1.9999999999999982,0.013888888888888888
15,V,D,0.00694444444444445,1.9999999999999982,0.013888888888888888
15,V,E,0.00694444444444445,1.9999999999999982,0.013888888888888888
15,V,G,0.00694444444444445,1.9999999999999982,0.013888888888888888
15,V,I,0.00694444444444445,1.9999999999999982,0.013888888888888888
15,V,J,0.00694444444444445,1.9999999999999982,0.013888888888888888
15,V,L,0.00694444444444445,1.9999999999999982,0.013888888888888888
15,V,M,0.00694444444444445,1.9999999999999982,0.013888888888888888
15,V,N,0.00694444444444445,1.9999999999999982,0.013888888888888888
15,V,S,0.00694444444444445,1.9999999999999982,0.013888888888888888
15,W,A,0.00694444444444445,1.9999999999999982,0.013888888888888888
15,W,B,0.00694444444444445,1.9999999999999982,0.013888888888888888
15,W,C,0.00694444444444445,1.9999999999999982,0.013888888888888888
15,W,D,0.00694444444444445,1.9999999999999982,0.013888888888888888
15,W,E,0.00694444444444445,1.9999999999999982,0.013888888888888888
15,W,G,0.00694444444444445,1.9999999999999982,0.013888888888888888
15,W,I,0.00694444444444445,1.9999999999999982,0.013888888888888888
15,W,J,0.00694444444444445,1.9999999999999982,0.013888888888888888
15,W,L,0.00694444444444445,1.9999999999999982,0.013888888888888888
15,W,M,0.00694444444444445,1.9999999999999982,0.013888888888888888
15,W,N,0.00694444444444445,1.9999999999999982,0.013888888888888888
15,W,S,0.00694444444444445,1.9999999999999982,0.013888888888888888
15,X,A,0.00694444444444445,1.9999999999999982,0.013888888888888888
15,X,B,0.00694444444444445,1.9999999999999982,0.013888888888888888
15,X,C,0.00694444444444445,1.9999999999999982,0.013888888888888888
15,X,D,0.00694444444444445,1.9999999999999982,0.013888888888888888
15,X,E,0.00694444444444445,1.9999999999999982,0.013888888888888888
15,X,G,0.00694444444444445,1.9999999999999982,0.013888888888888888
15,X,I,0.00694444444444445,1.9999999999999982,0.013888888888888888
15,X,J,0.00694444444444445,1.9999999999999982,0.013888888888888888
15,X,L,0.00694444444444445,1.9999999999999982,0.013888888888888888
15,X,M,0.00694444444444445,1.9999999999999982,0.013888888888888888
15,X,N,0.00694444444444445,1.9999999999999982,0.013888888888888888
15,X,S,0.00694444444444445,1.9999999999999982,0.013888888888888888
15,Y,A,0.00694444444444445,1.9999999999999982,0.013888888888888888
15,Y,B,0.00694444444444445,1.9999999999999982,0.013888888888888888
15,Y,C,0.00694444444444445,1.9999999999999982,0.013888888888888888
15,Y,D,0.00694444444444445,1.9999999999999982,0.013888888888888888
15,Y,E,0.00694444444444445,1.9999999999999982,0.013888888888888888
15,Y,G,0.00694444444444445,1.9999999999999982,0.013888888888888888
15,Y,I,0.00694444444444445,1.9999999999999982,0.013888888888888888
15,Y,J,0.00694444444444445,1.9999999999999982,0.013888888888888888
15,Y,L,0.00694444444444445,1.9999999999999982,0.013888888888888888
15,Y,M,0.00694444444444445,1.9999999999999982,0.013888888888888888
15,Y,N,0.00694444444444445,1.9999999999999982,0.013888888888888888
15,Y,S,0.5069444444444449,1.9999999999999982,1.0138888888888888
16,T,B,0.013888888888888886,3.0000000000000004,0.041666666666666664
16,T,J,0.013888888888888886,3.0000000000000004,0.041666666666666664
16,T,N,0.013888888888888886,3.0000000000000004,0.041666666666666664
16,T,S,0.3472222222222222,3.0000000000000004,1.0416666666666667
16,U,B,0.013888888888888886,3.0000000000000004,0.041666666666666664
16,U,J,0.013888888888888886,3.0000000000000004,0.041666666666666664
16,U,N,0.013888888888888886,3.0000000000000004,0.041666666666666664
16,U,S,0.013888888888888886,3.0000000000000004,0.041666666666666664
16,V,B,0.013888888888888886,3.0000000000000004,0.041666666666666664
16,V,J,0.013888888888888886,3.0000000000000004,0.041666666666666664
16,V,N,0.013888888888888886,3.0000000000000004,0.041666666666666664
16,V,S,0.013888888888888886,3.0000000000000004,0.041666666666666664
16,W,B,0.013888888888888886,3.0000000000000004,0.041666666666666664
16,W,J,0.013888888888888886,3.0000000000000004,0.041666666666666664
16,W,N,0.013888888888888886,3.0000000000000004,0.041666666666666664
16,W,S,0.013888888888888886,3.0000000000000004,0.041666666666666664
16,X,B,0.013888888888888886,3.0000000000000004,0.041666666666666664
16,X,J,0.013888888888888886,3.0000000000000004,0.041666666666666664
16,X,N,0.013888888888888886,3.0000000000000004,0.041666666666666664
16,X,S,0.013888888888888886,3.0000000000000004,0.041666666666666664
16,Y,B,0.013888888888888886,3.0000000000000004,0.041666666666666664
16,Y,J,0.013888888888888886,3.0000000000000004,0.041666666666666664
16,Y,N,0.013888888888888886,3.0000000000000004,0.041666666666666664
16,Y,S,0.3472222222222222,3.0000000000000004,1.0416666666666667
17,T,N,0.010416666666666668,7.999999999999998,0.08333333333333333
17,T,S,0.3854166666666668,7.999999999999998,3.0833333333333335
17,U,N,0.010416666666666668,7.999999999999998,0.08333333333333333
17,U,S,0.13541666666666669,7.999999999999998,1.0833333333333333
17,V,N,0.010416666666666668,7.999999999999998,0.08333333333333333
17,V,S,0.010416666666666668,7.999999999999998,0.08333333333333333
17,W,N,0.010416666666666668,7.999999999999998,0.08333333333333333
17,W,S,0.010416666666666668,7.999999999999998,0.08333333333333333
17,X,N,0.3854166666666668,7.999999999999998,3.0833333333333335
17,X,S,0.010416666666666668,7.999999999999998,0.08333333333333333
17,Y,N,0.010416666666666668,7.999999999999998,0.08333333333333333
17,Y,S,0.010416666666666668,7.999999999999998,0.08333333333333333
18,T,S,0.5416666666666667,3.999999999999999,2.1666666666666665
18,U,S,0.04166666666666667,3.999999999999999,0.16666666666666666
18,V,S,0.04166666666666667,3.999999999999999,0.16666666666666666
18,W,S,0.04166666666666667,3.999999999999999,0.16666666666666666
18,X,S,0.04166666666666667,3.999999999999999,0.16666666666666666
18,Y,S,0.29166666666666674,3.999999999999999,1.1666666666666667
19,T,S,0.05555555555555555,3.0,0.16666666666666666
19,U,S,0.05555555555555555,3.0,0.16666666666666666
19,V,S,0.3888888888888889,3.0,1.1666666666666667
19,W,S,0.05555555555555555,3.0,0.16666666666666666
19,X,S,0.05555555555555555,3.0,0.16666666666666666
19,Y,S,0.3888888888888889,3.0,1.1666666666666667
