ay,need,setting,alpha,beta,expectation
-3,T,A,0.055555556,0.9444444,0.055555556
-3,T,P,0.055555556,0.9444444,0.055555556
-3,U,A,0.055555556,4.9444447,0.011111111
-3,U,P,0.055555556,0.9444444,0.055555556
-3,V,A,0.055555556,0.9444444,0.055555556
-3,V,P,0.055555556,0.9444444,0.055555556
-3,W,A,0.055555556,0.9444444,0.055555556
-3,W,P,0.055555556,0.9444444,0.055555556
-3,X,A,0.055555556,0.9444444,0.055555556
-3,X,P,0.055555556,0.9444444,0.055555556
-3,Y,A,0.055555556,0.9444444,0.055555556
-3,Y,P,0.055555556,4.9444447,0.011111111
-2,T,A,0.5,0.5,0.5
-2,T,G,0.5,0.5,0.5
-2,T,J,5.5,0.5,0.9166667
-2,T,P,5.5,0.5,0.9166667
-2,T,Q,0.5,1.5,0.25
-2,U,A,1.5,20.5,0.06818182
-2,U,G,0.5,0.5,0.5
-2,U,J,0.5,0.5,0.5
-2,U,P,7.5,1.5,0.8333333
-2,U,Q,3.5,0.5,0.875
-2,V,A,0.5,0.5,0.5
-2,V,G,0.5,0.5,0.5
-2,V,J,0.5,1.5,0.25
-2,V,P,0.5,0.5,0.5
-2,V,Q,0.5,0.5,0.5
-2,W,A,0.5,0.5,0.5
-2,W,G,0.5,0.5,0.5
-2,W,J,0.5,0.5,0.5
-2,W,P,0.5,0.5,0.5
-2,W,Q,0.5,0.5,0.5
-2,X,A,0.5,0.5,0.5
-2,X,G,0.5,0.5,0.5
-2,X,J,0.5,0.5,0.5
-2,X,P,0.5,0.5,0.5
-2,X,Q,0.5,0.5,0.5
-2,Y,A,0.5,1.5,0.25
-2,Y,G,0.5,2.5,0.16666667
-2,Y,J,5.5,3.5,0.6111111
-2,Y,P,7.5,4.5,0.625
-2,Y,Q,0.5,0.5,0.5
-1,T,A,0.2650862,9.734914,0.02650862
-1,T,B,11.265086,47.734913,0.19093366
-1,T,F,0.2650862,1.7349138,0.1325431
-1,T,G,0.2650862,0.73491377,0.2650862
-1,T,J,6.265086,0.73491377,0.8950123
-1,T,P,5.265086,0.73491377,0.87751436
-1,T,Q,14.265086,0.73491377,0.95100576
-1,T,R,0.2650862,0.73491377,0.2650862
-1,U,A,0.2650862,32.734913,0.008032915
-1,U,B,0.2650862,29.734913,0.008836207
-1,U,F,0.2650862,0.73491377,0.2650862
-1,U,G,0.2650862,0.73491377,0.2650862
-1,U,J,0.2650862,0.73491377,0.2650862
-1,U,P,2.2650862,0.73491377,0.7550287
-1,U,Q,5.265086,0.73491377,0.87751436
-1,U,R,0.2650862,2.7349138,0.08836207
-1,V,A,0.2650862,0.73491377,0.2650862
-1,V,B,1.2650862,5.734914,0.1807266
-1,V,F,0.2650862,0.73491377,0.2650862
-1,V,G,0.2650862,0.73491377,0.2650862
-1,V,J,4.265086,0.73491377,0.8530173
-1,V,P,0.2650862,0.73491377,0.2650862
-1,V,Q,0.2650862,0.73491377,0.2650862
-1,V,R,0.2650862,0.73491377,0.2650862
-1,W,A,0.2650862,0.73491377,0.2650862
-1,W,B,0.2650862,0.73491377,0.2650862
-1,W,F,0.2650862,3.7349138,0.06627155
-1,W,G,0.2650862,0.73491377,0.2650862
-1,W,J,0.2650862,0.73491377,0.2650862
-1,W,P,0.2650862,0.73491377,0.2650862
-1,W,Q,1.2650862,0.73491377,0.6325431
-1,W,R,0.2650862,0.73491377,0.2650862
-1,X,A,0.2650862,0.73491377,0.2650862
-1,X,B,0.2650862,0.73491377,0.2650862
-1,X,F,0.2650862,0.73491377,0.2650862
-1,X,G,0.2650862,0.73491377,0.2650862
-1,X,J,0.2650862,0.73491377,0.2650862
-1,X,P,0.2650862,0.73491377,0.2650862
-1,X,Q,0.2650862,0.73491377,0.2650862
-1,X,R,0.2650862,0.73491377,0.2650862
-1,Y,A,0.2650862,3.7349138,0.06627155
-1,Y,B,0.2650862,18.734913,0.013951906
-1,Y,F,0.2650862,20.734913,0.012623153
-1,Y,G,2.2650862,1.7349138,0.56627154
-1,Y,J,3.2650862,0.73491377,0.81627154
-1,Y,P,7.265086,0.73491377,0.9081358
-1,Y,Q,0.2650862,0.73491377,0.2650862
-1,Y,R,0.2650862,0.73491377,0.2650862
0,T,A,0.10167715,40.898323,0.0024799304
0,T,B,31.101677,185.89832,0.1433257
0,T,F,0.10167715,25.898323,0.0039106593
0,T,G,0.10167715,1.8983228,0.050838575
0,T,H,0.10167715,1.8983228,0.050838575
0,T,I,0.10167715,3.8983228,0.025419287
0,T,J,1.1016772,2.8983228,0.2754193
0,T,K,0.10167715,0.8983229,0.10167715
0,T,L,0.10167715,0.8983229,0.10167715
0,T,O,0.10167715,0.8983229,0.10167715
0,T,Q,0.10167715,0.8983229,0.10167715
0,T,R,0.10167715,0.8983229,0.10167715
0,U,A,0.10167715,45.898323,0.0022103728
0,U,B,6.101677,53.898323,0.10169462
0,U,F,0.10167715,0.8983229,0.10167715
0,U,G,0.10167715,0.8983229,0.10167715
0,U,H,0.10167715,0.8983229,0.10167715
0,U,I,0.10167715,2.8983228,0.033892382
0,U,J,0.10167715,0.8983229,0.10167715
0,U,K,0.10167715,0.8983229,0.10167715
0,U,L,0.10167715,0.8983229,0.10167715
0,U,O,0.10167715,0.8983229,0.10167715
0,U,Q,1.1016772,0.8983229,0.5508386
0,U,R,0.10167715,0.8983229,0.10167715
0,V,A,0.10167715,0.8983229,0.10167715
0,V,B,0.10167715,3.8983228,0.025419287
0,V,F,0.10167715,0.8983229,0.10167715
0,V,G,0.10167715,0.8983229,0.10167715
0,V,H,0.10167715,0.8983229,0.10167715
0,V,I,0.10167715,1.8983228,0.050838575
0,V,J,0.10167715,1.8983228,0.050838575
0,V,K,0.10167715,0.8983229,0.10167715
0,V,L,0.10167715,0.8983229,0.10167715
0,V,O,0.10167715,0.8983229,0.10167715
0,V,Q,0.10167715,0.8983229,0.10167715
0,V,R,0.10167715,0.8983229,0.10167715
0,W,A,0.10167715,4.898323,0.02033543
0,W,B,0.10167715,0.8983229,0.10167715
0,W,F,0.10167715,1.8983228,0.050838575
0,W,G,0.10167715,0.8983229,0.10167715
0,W,H,0.10167715,0.8983229,0.10167715
0,W,I,0.10167715,0.8983229,0.10167715
0,W,J,0.10167715,0.8983229,0.10167715
0,W,K,0.10167715,0.8983229,0.10167715
0,W,L,0.10167715,0.8983229,0.10167715
0,W,O,0.10167715,0.8983229,0.10167715
0,W,Q,0.10167715,0.8983229,0.10167715
0,W,R,0.10167715,0.8983229,0.10167715
0,X,A,0.10167715,0.8983229,0.10167715
0,X,B,3.1016772,1.8983228,0.6203354
0,X,F,0.10167715,0.8983229,0.10167715
0,X,G,0.10167715,0.8983229,0.10167715
0,X,H,0.10167715,0.8983229,0.10167715
0,X,I,0.10167715,0.8983229,0.10167715
0,X,J,0.10167715,0.8983229,0.10167715
0,X,K,0.10167715,0.8983229,0.10167715
0,X,L,0.10167715,0.8983229,0.10167715
0,X,O,0.10167715,0.8983229,0.10167715
0,X,Q,0.10167715,0.8983229,0.10167715
0,X,R,0.10167715,0.8983229,0.10167715
0,Y,A,0.10167715,5.898323,0.016946191
0,Y,B,3.1016772,24.898323,0.11077418
0,Y,F,3.1016772,28.898323,0.09692741
0,Y,G,0.10167715,0.8983229,0.10167715
0,Y,H,0.10167715,0.8983229,0.10167715
0,Y,I,0.10167715,0.8983229,0.10167715
0,Y,J,0.10167715,0.8983229,0.10167715
0,Y,K,0.10167715,0.8983229,0.10167715
0,Y,L,0.10167715,3.8983228,0.025419287
0,Y,O,0.10167715,0.8983229,0.10167715
0,Y,Q,0.10167715,0.8983229,0.10167715
0,Y,R,0.10167715,0.8983229,0.10167715
1,T,A,0.07403433,52.925964,0.0013968742
1,T,B,20.074034,178.92596,0.10087454
1,T,F,6.074034,24.925966,0.19593659
1,T,G,1.0740343,0.92596567,0.53701717
1,T,H,0.07403433,0.92596567,0.07403433
1,T,I,0.07403433,0.92596567,0.07403433
1,T,J,0.07403433,1.9259657,0.037017167
1,T,K,0.07403433,0.92596567,0.07403433
1,T,L,0.07403433,2.9259655,0.024678111
1,T,O,0.07403433,0.92596567,0.07403433
1,T,R,0.07403433,0.92596567,0.07403433
1,U,A,0.07403433,39.925964,0.0018508583
1,U,B,2.0740345,55.925964,0.035759214
1,U,F,1.0740343,1.9259657,0.35801145
1,U,G,0.07403433,0.92596567,0.07403433
1,U,H,0.07403433,0.92596567,0.07403433
1,U,I,0.07403433,1.9259657,0.037017167
1,U,J,0.07403433,0.92596567,0.07403433
1,U,K,0.07403433,1.9259657,0.037017167
1,U,L,0.07403433,2.9259655,0.024678111
1,U,O,0.07403433,0.92596567,0.07403433
1,U,R,0.07403433,0.92596567,0.07403433
1,V,A,0.07403433,0.92596567,0.07403433
1,V,B,0.07403433,7.925966,0.009254292
1,V,F,0.07403433,0.92596567,0.07403433
1,V,G,0.07403433,0.92596567,0.07403433
1,V,H,0.07403433,0.92596567,0.07403433
1,V,I,0.07403433,1.9259657,0.037017167
1,V,J,0.07403433,3.9259655,0.018508583
1,V,K,0.07403433,0.92596567,0.07403433
1,V,L,0.07403433,0.92596567,0.07403433
1,V,O,0.07403433,0.92596567,0.07403433
1,V,R,0.07403433,0.92596567,0.07403433
1,W,A,0.07403433,1.9259657,0.037017167
1,W,B,0.07403433,0.92596567,0.07403433
1,W,F,0.07403433,1.9259657,0.037017167
1,W,G,0.07403433,0.92596567,0.07403433
1,W,H,0.07403433,0.92596567,0.07403433
1,W,I,0.07403433,0.92596567,0.07403433
1,W,J,0.07403433,0.92596567,0.07403433
1,W,K,0.07403433,0.92596567,0.07403433
1,W,L,0.07403433,0.92596567,0.07403433
1,W,O,0.07403433,0.92596567,0.07403433
1,W,R,0.07403433,0.92596567,0.07403433
1,X,A,0.07403433,5.925966,0.012339056
1,X,B,3.0740345,3.9259655,0.43914777
1,X,F,0.07403433,0.92596567,0.07403433
1,X,G,0.07403433,0.92596567,0.07403433
1,X,H,0.07403433,0.92596567,0.07403433
1,X,I,0.07403433,0.92596567,0.07403433
1,X,J,0.07403433,0.92596567,0.07403433
1,X,K,0.07403433,0.92596567,0.07403433
1,X,L,0.07403433,1.9259657,0.037017167
1,X,O,0.07403433,0.92596567,0.07403433
1,X,R,0.07403433,0.92596567,0.07403433
1,Y,A,1.0740343,3.9259655,0.21480687
1,Y,B,0.07403433,18.925966,0.003896544
1,Y,F,0.07403433,26.925966,0.0027420125
1,Y,G,0.07403433,2.9259655,0.024678111
1,Y,H,0.07403433,0.92596567,0.07403433
1,Y,I,0.07403433,0.92596567,0.07403433
1,Y,J,0.07403433,0.92596567,0.07403433
1,Y,K,0.07403433,0.92596567,0.07403433
1,Y,L,0.07403433,3.9259655,0.018508583
1,Y,O,0.07403433,1.9259657,0.037017167
1,Y,R,0.07403433,0.92596567,0.07403433
2,T,A,0.053125,68.94688,7.699275E-4
2,T,B,11.053125,201.94687,0.051892605
2,T,E,0.053125,1.946875,0.0265625
2,T,F,4.053125,23.946875,0.14475447
2,T,G,2.053125,0.946875,0.684375
2,T,H,0.053125,1.946875,0.0265625
2,T,I,0.053125,5.946875,0.008854167
2,T,J,0.053125,2.946875,0.017708333
2,T,K,0.053125,8.946875,0.005902778
2,T,L,0.053125,1.946875,0.0265625
2,T,O,0.053125,0.946875,0.053125
2,T,R,0.053125,2.946875,0.017708333
2,U,A,0.053125,26.946875,0.0019675926
2,U,B,3.053125,34.946877,0.08034539
2,U,E,0.053125,0.946875,0.053125
2,U,F,0.053125,2.946875,0.017708333
2,U,G,0.053125,0.946875,0.053125
2,U,H,0.053125,0.946875,0.053125
2,U,I,2.053125,4.946875,0.29330358
2,U,J,0.053125,0.946875,0.053125
2,U,K,0.053125,0.946875,0.053125
2,U,L,0.053125,2.946875,0.017708333
2,U,O,0.053125,0.946875,0.053125
2,U,R,0.053125,0.946875,0.053125
2,V,A,0.053125,0.946875,0.053125
2,V,B,0.053125,2.946875,0.017708333
2,V,E,0.053125,0.946875,0.053125
2,V,F,0.053125,0.946875,0.053125
2,V,G,0.053125,0.946875,0.053125
2,V,H,0.053125,0.946875,0.053125
2,V,I,0.053125,2.946875,0.017708333
2,V,J,2.053125,0.946875,0.684375
2,V,K,0.053125,0.946875,0.053125
2,V,L,0.053125,0.946875,0.053125
2,V,O,0.053125,0.946875,0.053125
2,V,R,0.053125,0.946875,0.053125
2,W,A,0.053125,0.946875,0.053125
2,W,B,0.053125,0.946875,0.053125
2,W,E,0.053125,0.946875,0.053125
2,W,F,0.053125,0.946875,0.053125
2,W,G,0.053125,0.946875,0.053125
2,W,H,0.053125,0.946875,0.053125
2,W,I,0.053125,0.946875,0.053125
2,W,J,0.053125,0.946875,0.053125
2,W,K,0.053125,0.946875,0.053125
2,W,L,0.053125,0.946875,0.053125
2,W,O,0.053125,0.946875,0.053125
2,W,R,0.053125,0.946875,0.053125
2,X,A,0.053125,9.946875,0.0053125
2,X,B,1.053125,5.946875,0.15044643
2,X,E,0.053125,3.946875,0.01328125
2,X,F,0.053125,0.946875,0.053125
2,X,G,0.053125,0.946875,0.053125
2,X,H,0.053125,0.946875,0.053125
2,X,I,0.053125,1.946875,0.0265625
2,X,J,0.053125,0.946875,0.053125
2,X,K,0.053125,0.946875,0.053125
2,X,L,0.053125,2.946875,0.017708333
2,X,O,0.053125,0.946875,0.053125
2,X,R,0.053125,0.946875,0.053125
2,Y,A,0.053125,3.946875,0.01328125
2,Y,B,0.053125,23.946875,0.0022135417
2,Y,E,0.053125,0.946875,0.053125
2,Y,F,0.053125,22.946875,0.0023097827
2,Y,G,0.053125,1.946875,0.0265625
2,Y,H,0.053125,0.946875,0.053125
2,Y,I,0.053125,0.946875,0.053125
2,Y,J,0.053125,0.946875,0.053125
2,Y,K,0.053125,0.946875,0.053125
2,Y,L,0.053125,0.946875,0.053125
2,Y,O,0.053125,1.946875,0.0265625
2,Y,R,0.053125,0.946875,0.053125
3,T,A,0.038085938,67.961914,5.600873E-4
3,T,B,8.038086,185.96191,0.04143343
3,T,E,1.0380859,8.961914,0.1038086
3,T,F,2.038086,25.961914,0.07278878
3,T,G,0.038085938,0.96191406,0.038085938
3,T,H,0.038085938,4.961914,0.0076171877
3,T,I,0.038085938,1.9619141,0.019042969
3,T,J,1.0380859,4.961914,0.17301433
3,T,K,0.038085938,2.961914,0.0126953125
3,T,L,0.038085938,1.9619141,0.019042969
3,T,O,0.038085938,0.96191406,0.038085938
3,T,R,0.038085938,0.96191406,0.038085938
3,U,A,1.0380859,39.961914,0.025319168
3,U,B,4.038086,52.961914,0.070843615
3,U,E,0.038085938,0.96191406,0.038085938
3,U,F,0.038085938,3.961914,0.009521484
3,U,G,0.038085938,1.9619141,0.019042969
3,U,H,0.038085938,0.96191406,0.038085938
3,U,I,0.038085938,3.961914,0.009521484
3,U,J,0.038085938,0.96191406,0.038085938
3,U,K,0.038085938,0.96191406,0.038085938
3,U,L,0.038085938,1.9619141,0.019042969
3,U,O,0.038085938,0.96191406,0.038085938
3,U,R,0.038085938,1.9619141,0.019042969
3,V,A,0.038085938,0.96191406,0.038085938
3,V,B,0.038085938,5.961914,0.0063476562
3,V,E,0.038085938,0.96191406,0.038085938
3,V,F,0.038085938,0.96191406,0.038085938
3,V,G,0.038085938,0.96191406,0.038085938
3,V,H,0.038085938,0.96191406,0.038085938
3,V,I,0.038085938,1.9619141,0.019042969
3,V,J,0.038085938,0.96191406,0.038085938
3,V,K,0.038085938,0.96191406,0.038085938
3,V,L,0.038085938,0.96191406,0.038085938
3,V,O,0.038085938,0.96191406,0.038085938
3,V,R,0.038085938,0.96191406,0.038085938
3,W,A,0.038085938,0.96191406,0.038085938
3,W,B,0.038085938,1.9619141,0.019042969
3,W,E,0.038085938,0.96191406,0.038085938
3,W,F,0.038085938,0.96191406,0.038085938
3,W,G,0.038085938,0.96191406,0.038085938
3,W,H,0.038085938,0.96191406,0.038085938
3,W,I,0.038085938,0.96191406,0.038085938
3,W,J,0.038085938,0.96191406,0.038085938
3,W,K,0.038085938,0.96191406,0.038085938
3,W,L,0.038085938,0.96191406,0.038085938
3,W,O,0.038085938,0.96191406,0.038085938
3,W,R,0.038085938,0.96191406,0.038085938
3,X,A,0.038085938,11.961914,0.0031738281
3,X,B,0.038085938,18.961914,0.002004523
3,X,E,0.038085938,0.96191406,0.038085938
3,X,F,0.038085938,0.96191406,0.038085938
3,X,G,0.038085938,0.96191406,0.038085938
3,X,H,0.038085938,0.96191406,0.038085938
3,X,I,0.038085938,0.96191406,0.038085938
3,X,J,0.038085938,0.96191406,0.038085938
3,X,K,0.038085938,0.96191406,0.038085938
3,X,L,0.038085938,0.96191406,0.038085938
3,X,O,0.038085938,0.96191406,0.038085938
3,X,R,0.038085938,0.96191406,0.038085938
3,Y,A,0.038085938,1.9619141,0.019042969
3,Y,B,2.038086,33.961914,0.056613497
3,Y,E,0.038085938,0.96191406,0.038085938
3,Y,F,0.038085938,17.961914,0.0021158855
3,Y,G,0.038085938,1.9619141,0.019042969
3,Y,H,0.038085938,0.96191406,0.038085938
3,Y,I,0.038085938,0.96191406,0.038085938
3,Y,J,0.038085938,2.961914,0.0126953125
3,Y,K,0.038085938,0.96191406,0.038085938
3,Y,L,0.038085938,3.961914,0.009521484
3,Y,O,0.038085938,2.961914,0.0126953125
3,Y,R,0.038085938,0.96191406,0.038085938
4,T,A,0.022522522,49.977478,4.5045046E-4
4,T,B,1.0225226,220.97748,0.0046059573
4,T,E,1.0225226,10.977477,0.08521021
4,T,F,0.022522522,20.977478,0.0010725011
4,T,G,0.022522522,1.9774774,0.011261261
4,T,H,0.022522522,0.9774775,0.022522522
4,T,I,0.022522522,2.9774776,0.0075075077
4,T,J,1.0225226,4.9774776,0.17042042
4,T,K,0.022522522,1.9774774,0.011261261
4,T,L,0.022522522,6.9774776,0.0032175032
4,T,O,0.022522522,0.9774775,0.022522522
4,T,R,0.022522522,2.9774776,0.0075075077
4,U,A,0.022522522,24.977478,9.009009E-4
4,U,B,5.0225224,84.97748,0.055805806
4,U,E,0.022522522,0.9774775,0.022522522
4,U,F,0.022522522,4.9774776,0.0045045046
4,U,G,0.022522522,2.9774776,0.0075075077
4,U,H,0.022522522,0.9774775,0.022522522
4,U,I,0.022522522,5.9774776,0.0037537538
4,U,J,0.022522522,1.9774774,0.011261261
4,U,K,0.022522522,0.9774775,0.022522522
4,U,L,0.022522522,3.9774776,0.0056306305
4,U,O,0.022522522,0.9774775,0.022522522
4,U,R,0.022522522,0.9774775,0.022522522
4,V,A,0.022522522,1.9774774,0.011261261
4,V,B,0.022522522,13.977477,0.0016087516
4,V,E,0.022522522,1.9774774,0.011261261
4,V,F,0.022522522,0.9774775,0.022522522
4,V,G,0.022522522,0.9774775,0.022522522
4,V,H,0.022522522,0.9774775,0.022522522
4,V,I,0.022522522,0.9774775,0.022522522
4,V,J,0.022522522,0.9774775,0.022522522
4,V,K,0.022522522,0.9774775,0.022522522
4,V,L,0.022522522,0.9774775,0.022522522
4,V,O,0.022522522,0.9774775,0.022522522
4,V,R,0.022522522,0.9774775,0.022522522
4,W,A,0.022522522,2.9774776,0.0075075077
4,W,B,0.022522522,0.9774775,0.022522522
4,W,E,0.022522522,0.9774775,0.022522522
4,W,F,0.022522522,0.9774775,0.022522522
4,W,G,0.022522522,0.9774775,0.022522522
4,W,H,0.022522522,0.9774775,0.022522522
4,W,I,0.022522522,0.9774775,0.022522522
4,W,J,0.022522522,0.9774775,0.022522522
4,W,K,0.022522522,0.9774775,0.022522522
4,W,L,0.022522522,0.9774775,0.022522522
4,W,O,0.022522522,0.9774775,0.022522522
4,W,R,0.022522522,1.9774774,0.011261261
4,X,A,0.022522522,13.977477,0.0016087516
4,X,B,0.022522522,23.977478,9.3843846E-4
4,X,E,0.022522522,4.9774776,0.0045045046
4,X,F,0.022522522,0.9774775,0.022522522
4,X,G,0.022522522,0.9774775,0.022522522
4,X,H,0.022522522,0.9774775,0.022522522
4,X,I,0.022522522,0.9774775,0.022522522
4,X,J,1.0225226,1.9774774,0.34084085
4,X,K,0.022522522,0.9774775,0.022522522
4,X,L,0.022522522,0.9774775,0.022522522
4,X,O,0.022522522,0.9774775,0.022522522
4,X,R,0.022522522,0.9774775,0.022522522
4,Y,A,0.022522522,1.9774774,0.011261261
4,Y,B,2.0225224,23.977478,0.07778933
4,Y,E,0.022522522,0.9774775,0.022522522
4,Y,F,1.0225226,11.977477,0.07865558
4,Y,G,0.022522522,2.9774776,0.0075075077
4,Y,H,0.022522522,0.9774775,0.022522522
4,Y,I,0.022522522,0.9774775,0.022522522
4,Y,J,0.022522522,3.9774776,0.0056306305
4,Y,K,0.022522522,0.9774775,0.022522522
4,Y,L,0.022522522,4.9774776,0.0045045046
4,Y,O,0.022522522,1.9774774,0.011261261
4,Y,R,0.022522522,0.9774775,0.022522522
5,T,A,1.0862069,46.91379,0.02262931
5,T,B,9.086206,156.91379,0.054736186
5,T,E,0.0862069,6.913793,0.0123152705
5,T,F,3.086207,18.913794,0.14028212
5,T,G,3.086207,2.913793,0.5143678
5,T,H,0.0862069,0.9137931,0.0862069
5,T,I,0.0862069,3.913793,0.021551725
5,T,J,5.086207,0.9137931,0.84770113
5,T,K,0.0862069,2.913793,0.028735632
5,T,L,0.0862069,1.9137931,0.04310345
5,T,O,0.0862069,0.9137931,0.0862069
5,T,R,0.0862069,1.9137931,0.04310345
5,U,A,0.0862069,16.913794,0.005070994
5,U,B,4.086207,76.913795,0.050447
5,U,E,0.0862069,1.9137931,0.04310345
5,U,F,1.0862069,4.913793,0.18103448
5,U,G,0.0862069,0.9137931,0.0862069
5,U,H,0.0862069,1.9137931,0.04310345
5,U,I,1.0862069,3.913793,0.21724138
5,U,J,0.0862069,0.9137931,0.0862069
5,U,K,0.0862069,0.9137931,0.0862069
5,U,L,0.0862069,1.9137931,0.04310345
5,U,O,0.0862069,0.9137931,0.0862069
5,U,R,0.0862069,2.913793,0.028735632
5,V,A,0.0862069,6.913793,0.0123152705
5,V,B,1.0862069,11.913794,0.08355438
5,V,E,0.0862069,0.9137931,0.0862069
5,V,F,0.0862069,2.913793,0.028735632
5,V,G,0.0862069,0.9137931,0.0862069
5,V,H,0.0862069,0.9137931,0.0862069
5,V,I,0.0862069,0.9137931,0.0862069
5,V,J,0.0862069,0.9137931,0.0862069
5,V,K,0.0862069,0.9137931,0.0862069
5,V,L,0.0862069,0.9137931,0.0862069
5,V,O,0.0862069,0.9137931,0.0862069
5,V,R,0.0862069,0.9137931,0.0862069
5,W,A,0.0862069,0.9137931,0.0862069
5,W,B,0.0862069,2.913793,0.028735632
5,W,E,0.0862069,0.9137931,0.0862069
5,W,F,0.0862069,0.9137931,0.0862069
5,W,G,0.0862069,0.9137931,0.0862069
5,W,H,0.0862069,0.9137931,0.0862069
5,W,I,0.0862069,0.9137931,0.0862069
5,W,J,0.0862069,0.9137931,0.0862069
5,W,K,0.0862069,0.9137931,0.0862069
5,W,L,0.0862069,0.9137931,0.0862069
5,W,O,0.0862069,0.9137931,0.0862069
5,W,R,0.0862069,2.913793,0.028735632
5,X,A,2.086207,13.913794,0.13038793
5,X,B,2.086207,18.913794,0.09934319
5,X,E,2.086207,4.913793,0.29802954
5,X,F,0.0862069,0.9137931,0.0862069
5,X,G,0.0862069,0.9137931,0.0862069
5,X,H,0.0862069,0.9137931,0.0862069
5,X,I,0.0862069,0.9137931,0.0862069
5,X,J,0.0862069,0.9137931,0.0862069
5,X,K,0.0862069,0.9137931,0.0862069
5,X,L,1.0862069,0.9137931,0.54310346
5,X,O,0.0862069,0.9137931,0.0862069
5,X,R,0.0862069,0.9137931,0.0862069
5,Y,A,0.0862069,0.9137931,0.0862069
5,Y,B,0.0862069,34.91379,0.0024630541
5,Y,E,0.0862069,1.9137931,0.04310345
5,Y,F,2.086207,15.913794,0.11590038
5,Y,G,1.0862069,1.9137931,0.36206895
5,Y,H,0.0862069,0.9137931,0.0862069
5,Y,I,0.0862069,0.9137931,0.0862069
5,Y,J,4.086207,1.9137931,0.6810345
5,Y,K,0.0862069,0.9137931,0.0862069
5,Y,L,0.0862069,0.9137931,0.0862069
5,Y,O,0.0862069,1.9137931,0.04310345
5,Y,R,0.0862069,0.9137931,0.0862069
6,T,A,1.1641929,49.835808,0.022827312
6,T,B,13.164193,185.8358,0.06615172
6,T,C,0.16419294,0.835807,0.16419294
6,T,D,0.16419294,0.835807,0.16419294
6,T,E,2.164193,6.835807,0.24046588
6,T,F,10.164193,1.8358071,0.8470161
6,T,G,1.1641929,3.835807,0.23283859
6,T,H,0.16419294,1.8358071,0.08209647
6,T,I,0.16419294,1.8358071,0.08209647
6,T,J,0.16419294,0.835807,0.16419294
6,T,K,1.1641929,1.8358071,0.38806432
6,T,L,0.16419294,1.8358071,0.08209647
6,T,M,0.16419294,0.835807,0.16419294
6,T,O,0.16419294,0.835807,0.16419294
6,T,R,0.16419294,0.835807,0.16419294
6,U,A,0.16419294,21.835808,0.007463316
6,U,B,8.164193,80.83581,0.0917325
6,U,C,0.16419294,0.835807,0.16419294
6,U,D,0.16419294,0.835807,0.16419294
6,U,E,1.1641929,0.835807,0.58209646
6,U,F,1.1641929,0.835807,0.58209646
6,U,G,0.16419294,0.835807,0.16419294
6,U,H,0.16419294,1.8358071,0.08209647
6,U,I,4.164193,1.8358071,0.69403213
6,U,J,0.16419294,0.835807,0.16419294
6,U,K,0.16419294,0.835807,0.16419294
6,U,L,0.16419294,1.8358071,0.08209647
6,U,M,0.16419294,0.835807,0.16419294
6,U,O,0.16419294,0.835807,0.16419294
6,U,R,0.16419294,1.8358071,0.08209647
6,V,A,0.16419294,5.835807,0.02736549
6,V,B,2.164193,11.835807,0.15458521
6,V,C,0.16419294,0.835807,0.16419294
6,V,D,0.16419294,0.835807,0.16419294
6,V,E,0.16419294,0.835807,0.16419294
6,V,F,1.1641929,0.835807,0.58209646
6,V,G,0.16419294,0.835807,0.16419294
6,V,H,0.16419294,0.835807,0.16419294
6,V,I,0.16419294,0.835807,0.16419294
6,V,J,0.16419294,0.835807,0.16419294
6,V,K,0.16419294,0.835807,0.16419294
6,V,L,0.16419294,0.835807,0.16419294
6,V,M,0.16419294,0.835807,0.16419294
6,V,O,0.16419294,0.835807,0.16419294
6,V,R,0.16419294,0.835807,0.16419294
6,W,A,0.16419294,0.835807,0.16419294
6,W,B,0.16419294,7.835807,0.020524118
6,W,C,0.16419294,0.835807,0.16419294
6,W,D,0.16419294,0.835807,0.16419294
6,W,E,0.16419294,0.835807,0.16419294
6,W,F,0.16419294,0.835807,0.16419294
6,W,G,0.16419294,0.835807,0.16419294
6,W,H,0.16419294,0.835807,0.16419294
6,W,I,0.16419294,0.835807,0.16419294
6,W,J,0.16419294,0.835807,0.16419294
6,W,K,0.16419294,0.835807,0.16419294
6,W,L,0.16419294,0.835807,0.16419294
6,W,M,0.16419294,0.835807,0.16419294
6,W,O,0.16419294,0.835807,0.16419294
6,W,R,0.16419294,1.8358071,0.08209647
6,X,A,18.164192,5.835807,0.75684136
6,X,B,4.164193,24.835808,0.14359286
6,X,C,0.16419294,1.8358071,0.08209647
6,X,D,0.16419294,1.8358071,0.08209647
6,X,E,3.164193,0.835807,0.7910482
6,X,F,0.16419294,0.835807,0.16419294
6,X,G,0.16419294,0.835807,0.16419294
6,X,H,0.16419294,2.835807,0.05473098
6,X,I,0.16419294,1.8358071,0.08209647
6,X,J,1.1641929,0.835807,0.58209646
6,X,K,0.16419294,0.835807,0.16419294
6,X,L,0.16419294,0.835807,0.16419294
6,X,M,0.16419294,3.835807,0.041048236
6,X,O,0.16419294,0.835807,0.16419294
6,X,R,0.16419294,1.8358071,0.08209647
6,Y,A,0.16419294,0.835807,0.16419294
6,Y,B,9.164193,18.835808,0.3272926
6,Y,C,0.16419294,0.835807,0.16419294
6,Y,D,0.16419294,0.835807,0.16419294
6,Y,E,1.1641929,0.835807,0.58209646
6,Y,F,1.1641929,12.835807,0.08315664
6,Y,G,2.164193,2.835807,0.4328386
6,Y,H,0.16419294,1.8358071,0.08209647
6,Y,I,0.16419294,0.835807,0.16419294
6,Y,J,1.1641929,0.835807,0.58209646
6,Y,K,0.16419294,0.835807,0.16419294
6,Y,L,3.164193,2.835807,0.5273655
6,Y,M,0.16419294,0.835807,0.16419294
6,Y,O,0.16419294,0.835807,0.16419294
6,Y,R,0.16419294,0.835807,0.16419294
7,T,A,3.0780075,51.921993,0.055963773
7,T,B,8.078008,163.922,0.04696516
7,T,C,0.07800752,2.9219925,0.026002506
7,T,D,0.07800752,2.9219925,0.026002506
7,T,E,0.07800752,1.9219925,0.03900376
7,T,F,2.0780075,0.9219925,0.69266915
7,T,G,0.07800752,7.9219923,0.00975094
7,T,H,0.07800752,8.921992,0.008667503
7,T,I,0.07800752,5.9219923,0.013001253
7,T,J,2.0780075,2.9219925,0.4156015
7,T,K,0.07800752,2.9219925,0.026002506
7,T,L,0.07800752,8.921992,0.008667503
7,T,M,0.07800752,0.9219925,0.07800752
7,T,R,0.07800752,0.9219925,0.07800752
7,U,A,1.0780075,37.921993,0.027641218
7,U,B,0.07800752,71.92199,0.0010834378
7,U,C,0.07800752,0.9219925,0.07800752
7,U,D,0.07800752,0.9219925,0.07800752
7,U,E,0.07800752,3.9219925,0.01950188
7,U,F,0.07800752,0.9219925,0.07800752
7,U,G,1.0780075,0.9219925,0.53900373
7,U,H,0.07800752,5.9219923,0.013001253
7,U,I,0.07800752,0.9219925,0.07800752
7,U,J,0.07800752,1.9219925,0.03900376
7,U,K,0.07800752,0.9219925,0.07800752
7,U,L,0.07800752,4.9219923,0.015601504
7,U,M,0.07800752,0.9219925,0.07800752
7,U,R,0.07800752,0.9219925,0.07800752
7,V,A,0.07800752,5.9219923,0.013001253
7,V,B,0.07800752,8.921992,0.008667503
7,V,C,0.07800752,0.9219925,0.07800752
7,V,D,0.07800752,0.9219925,0.07800752
7,V,E,0.07800752,0.9219925,0.07800752
7,V,F,1.0780075,0.9219925,0.53900373
7,V,G,0.07800752,0.9219925,0.07800752
7,V,H,0.07800752,0.9219925,0.07800752
7,V,I,0.07800752,0.9219925,0.07800752
7,V,J,1.0780075,0.9219925,0.53900373
7,V,K,0.07800752,0.9219925,0.07800752
7,V,L,0.07800752,0.9219925,0.07800752
7,V,M,0.07800752,0.9219925,0.07800752
7,V,R,0.07800752,0.9219925,0.07800752
7,W,A,0.07800752,0.9219925,0.07800752
7,W,B,0.07800752,11.921992,0.0065006264
7,W,C,0.07800752,0.9219925,0.07800752
7,W,D,0.07800752,0.9219925,0.07800752
7,W,E,0.07800752,0.9219925,0.07800752
7,W,F,0.07800752,0.9219925,0.07800752
7,W,G,0.07800752,0.9219925,0.07800752
7,W,H,0.07800752,0.9219925,0.07800752
7,W,I,0.07800752,0.9219925,0.07800752
7,W,J,0.07800752,0.9219925,0.07800752
7,W,K,0.07800752,0.9219925,0.07800752
7,W,L,0.07800752,0.9219925,0.07800752
7,W,M,0.07800752,0.9219925,0.07800752
7,W,R,0.07800752,0.9219925,0.07800752
7,X,A,3.0780075,5.9219923,0.34200084
7,X,B,11.078008,22.921993,0.32582375
7,X,C,0.07800752,0.9219925,0.07800752
7,X,D,2.0780075,5.9219923,0.25975093
7,X,E,0.07800752,2.9219925,0.026002506
7,X,F,0.07800752,0.9219925,0.07800752
7,X,G,0.07800752,0.9219925,0.07800752
7,X,H,0.07800752,2.9219925,0.026002506
7,X,I,1.0780075,2.9219925,0.26950186
7,X,J,0.07800752,2.9219925,0.026002506
7,X,K,0.07800752,0.9219925,0.07800752
7,X,L,0.07800752,1.9219925,0.03900376
7,X,M,0.07800752,1.9219925,0.03900376
7,X,R,0.07800752,5.9219923,0.013001253
7,Y,A,0.07800752,0.9219925,0.07800752
7,Y,B,5.0780077,24.921993,0.16926692
7,Y,C,0.07800752,0.9219925,0.07800752
7,Y,D,0.07800752,0.9219925,0.07800752
7,Y,E,0.07800752,0.9219925,0.07800752
7,Y,F,0.07800752,17.921993,0.0043337513
7,Y,G,0.07800752,2.9219925,0.026002506
7,Y,H,0.07800752,1.9219925,0.03900376
7,Y,I,0.07800752,1.9219925,0.03900376
7,Y,J,0.07800752,0.9219925,0.07800752
7,Y,K,0.07800752,0.9219925,0.07800752
7,Y,L,0.07800752,1.9219925,0.03900376
7,Y,M,0.07800752,1.9219925,0.03900376
7,Y,R,0.07800752,0.9219925,0.07800752
8,T,A,3.0733333,41.926666,0.0682963
8,T,B,1.0733334,159.92667,0.006666667
8,T,C,0.07333333,1.9266666,0.036666665
8,T,D,1.0733334,0.9266667,0.5366667
8,T,E,0.07333333,4.9266667,0.014666666
8,T,F,0.07333333,0.9266667,0.07333333
8,T,G,1.0733334,2.9266667,0.26833335
8,T,H,0.07333333,8.926666,0.008148148
8,T,I,0.07333333,4.9266667,0.014666666
8,T,J,0.07333333,0.9266667,0.07333333
8,T,K,0.07333333,1.9266666,0.036666665
8,T,L,0.07333333,12.926666,0.0056410255
8,T,M,0.07333333,0.9266667,0.07333333
8,T,N,0.07333333,0.9266667,0.07333333
8,T,R,0.07333333,1.9266666,0.036666665
8,U,A,0.07333333,36.926666,0.001981982
8,U,B,3.0733333,66.92667,0.043904763
8,U,C,0.07333333,0.9266667,0.07333333
8,U,D,0.07333333,0.9266667,0.07333333
8,U,E,0.07333333,1.9266666,0.036666665
8,U,F,0.07333333,1.9266666,0.036666665
8,U,G,0.07333333,0.9266667,0.07333333
8,U,H,1.0733334,2.9266667,0.26833335
8,U,I,0.07333333,0.9266667,0.07333333
8,U,J,0.07333333,1.9266666,0.036666665
8,U,K,0.07333333,0.9266667,0.07333333
8,U,L,0.07333333,5.9266667,0.012222222
8,U,M,0.07333333,0.9266667,0.07333333
8,U,N,0.07333333,0.9266667,0.07333333
8,U,R,0.07333333,1.9266666,0.036666665
8,V,A,0.07333333,4.9266667,0.014666666
8,V,B,0.07333333,11.926666,0.006111111
8,V,C,0.07333333,0.9266667,0.07333333
8,V,D,0.07333333,0.9266667,0.07333333
8,V,E,0.07333333,0.9266667,0.07333333
8,V,F,0.07333333,0.9266667,0.07333333
8,V,G,0.07333333,0.9266667,0.07333333
8,V,H,0.07333333,0.9266667,0.07333333
8,V,I,0.07333333,0.9266667,0.07333333
8,V,J,0.07333333,0.9266667,0.07333333
8,V,K,0.07333333,0.9266667,0.07333333
8,V,L,0.07333333,0.9266667,0.07333333
8,V,M,0.07333333,0.9266667,0.07333333
8,V,N,0.07333333,0.9266667,0.07333333
8,V,R,0.07333333,0.9266667,0.07333333
8,W,A,0.07333333,1.9266666,0.036666665
8,W,B,0.07333333,6.9266667,0.010476191
8,W,C,0.07333333,0.9266667,0.07333333
8,W,D,0.07333333,0.9266667,0.07333333
8,W,E,0.07333333,0.9266667,0.07333333
8,W,F,0.07333333,0.9266667,0.07333333
8,W,G,0.07333333,0.9266667,0.07333333
8,W,H,0.07333333,0.9266667,0.07333333
8,W,I,0.07333333,0.9266667,0.07333333
8,W,J,0.07333333,0.9266667,0.07333333
8,W,K,0.07333333,0.9266667,0.07333333
8,W,L,0.07333333,0.9266667,0.07333333
8,W,M,0.07333333,0.9266667,0.07333333
8,W,N,0.07333333,0.9266667,0.07333333
8,W,R,0.07333333,1.9266666,0.036666665
8,X,A,6.0733333,11.926666,0.3374074
8,X,B,7.0733333,30.926666,0.18614034
8,X,C,0.07333333,0.9266667,0.07333333
8,X,D,2.0733333,9.926666,0.17277777
8,X,E,1.0733334,6.9266667,0.13416667
8,X,F,1.0733334,0.9266667,0.5366667
8,X,G,0.07333333,0.9266667,0.07333333
8,X,H,0.07333333,3.9266667,0.018333333
8,X,I,0.07333333,3.9266667,0.018333333
8,X,J,2.0733333,2.9266667,0.41466665
8,X,K,0.07333333,0.9266667,0.07333333
8,X,L,0.07333333,2.9266667,0.024444444
8,X,M,3.0733333,0.9266667,0.7683333
8,X,N,4.0733333,2.9266667,0.58190477
8,X,R,0.07333333,5.9266667,0.012222222
8,Y,A,0.07333333,0.9266667,0.07333333
8,Y,B,0.07333333,25.926666,0.0028205127
8,Y,C,0.07333333,0.9266667,0.07333333
8,Y,D,0.07333333,0.9266667,0.07333333
8,Y,E,0.07333333,0.9266667,0.07333333
8,Y,F,0.07333333,13.926666,0.0052380953
8,Y,G,0.07333333,0.9266667,0.07333333
8,Y,H,0.07333333,2.9266667,0.024444444
8,Y,I,0.07333333,0.9266667,0.07333333
8,Y,J,2.0733333,0.9266667,0.6911111
8,Y,K,0.07333333,0.9266667,0.07333333
8,Y,L,0.07333333,3.9266667,0.018333333
8,Y,M,0.07333333,1.9266666,0.036666665
8,Y,N,0.07333333,0.9266667,0.07333333
8,Y,R,0.07333333,0.9266667,0.07333333
9,T,A,1.0641762,24.935823,0.040929854
9,T,B,3.0641763,148.93582,0.020159055
9,T,C,0.06417625,1.9358238,0.032088123
9,T,D,0.06417625,0.93582374,0.06417625
9,T,E,0.06417625,3.9358237,0.016044062
9,T,F,0.06417625,0.93582374,0.06417625
9,T,G,0.06417625,3.9358237,0.016044062
9,T,H,0.06417625,5.935824,0.0106960405
9,T,I,0.06417625,1.9358238,0.032088123
9,T,J,0.06417625,0.93582374,0.06417625
9,T,K,1.0641762,1.9358238,0.35472542
9,T,L,0.06417625,8.935823,0.007130694
9,T,M,0.06417625,0.93582374,0.06417625
9,T,N,0.06417625,0.93582374,0.06417625
9,T,R,0.06417625,0.93582374,0.06417625
9,U,A,0.06417625,34.935825,0.001833607
9,U,B,6.064176,46.935825,0.11441842
9,U,C,0.06417625,0.93582374,0.06417625
9,U,D,0.06417625,0.93582374,0.06417625
9,U,E,1.0641762,1.9358238,0.35472542
9,U,F,0.06417625,2.9358237,0.021392081
9,U,G,0.06417625,0.93582374,0.06417625
9,U,H,0.06417625,2.9358237,0.021392081
9,U,I,0.06417625,0.93582374,0.06417625
9,U,J,0.06417625,0.93582374,0.06417625
9,U,K,0.06417625,1.9358238,0.032088123
9,U,L,0.06417625,6.935824,0.009168035
9,U,M,0.06417625,0.93582374,0.06417625
9,U,N,0.06417625,0.93582374,0.06417625
9,U,R,0.06417625,4.935824,0.012835249
9,V,A,0.06417625,3.9358237,0.016044062
9,V,B,0.06417625,9.935823,0.0064176247
9,V,C,0.06417625,0.93582374,0.06417625
9,V,D,0.06417625,0.93582374,0.06417625
9,V,E,0.06417625,0.93582374,0.06417625
9,V,F,0.06417625,0.93582374,0.06417625
9,V,G,0.06417625,1.9358238,0.032088123
9,V,H,0.06417625,1.9358238,0.032088123
9,V,I,0.06417625,2.9358237,0.021392081
9,V,J,0.06417625,0.93582374,0.06417625
9,V,K,0.06417625,0.93582374,0.06417625
9,V,L,0.06417625,0.93582374,0.06417625
9,V,M,0.06417625,0.93582374,0.06417625
9,V,N,0.06417625,0.93582374,0.06417625
9,V,R,0.06417625,0.93582374,0.06417625
9,W,A,0.06417625,1.9358238,0.032088123
9,W,B,2.0641763,20.935823,0.089746796
9,W,C,0.06417625,0.93582374,0.06417625
9,W,D,0.06417625,1.9358238,0.032088123
9,W,E,0.06417625,0.93582374,0.06417625
9,W,F,0.06417625,0.93582374,0.06417625
9,W,G,0.06417625,0.93582374,0.06417625
9,W,H,0.06417625,0.93582374,0.06417625
9,W,I,0.06417625,0.93582374,0.06417625
9,W,J,0.06417625,0.93582374,0.06417625
9,W,K,0.06417625,0.93582374,0.06417625
9,W,L,0.06417625,0.93582374,0.06417625
9,W,M,0.06417625,0.93582374,0.06417625
9,W,N,0.06417625,0.93582374,0.06417625
9,W,R,0.06417625,1.9358238,0.032088123
9,X,A,2.0641763,10.935823,0.1587828
9,X,B,13.064177,37.935825,0.25616032
9,X,C,0.06417625,0.93582374,0.06417625
9,X,D,1.0641762,15.935823,0.0625986
9,X,E,2.0641763,13.935823,0.12901102
9,X,F,0.06417625,0.93582374,0.06417625
9,X,G,0.06417625,3.9358237,0.016044062
9,X,H,0.06417625,2.9358237,0.021392081
9,X,I,1.0641762,5.935824,0.15202518
9,X,J,0.06417625,2.9358237,0.021392081
9,X,K,0.06417625,1.9358238,0.032088123
9,X,L,0.06417625,3.9358237,0.016044062
9,X,M,0.06417625,0.93582374,0.06417625
9,X,N,0.06417625,1.9358238,0.032088123
9,X,R,0.06417625,9.935823,0.0064176247
9,Y,A,0.06417625,3.9358237,0.016044062
9,Y,B,0.06417625,33.935825,0.0018875366
9,Y,C,0.06417625,0.93582374,0.06417625
9,Y,D,0.06417625,0.93582374,0.06417625
9,Y,E,0.06417625,0.93582374,0.06417625
9,Y,F,0.06417625,11.935823,0.0053480202
9,Y,G,0.06417625,0.93582374,0.06417625
9,Y,H,0.06417625,0.93582374,0.06417625
9,Y,I,0.06417625,0.93582374,0.06417625
9,Y,J,0.06417625,0.93582374,0.06417625
9,Y,K,0.06417625,0.93582374,0.06417625
9,Y,L,0.06417625,10.935823,0.005834204
9,Y,M,0.06417625,1.9358238,0.032088123
9,Y,N,0.06417625,0.93582374,0.06417625
9,Y,R,0.06417625,0.93582374,0.06417625
10,T,A,1.0791434,23.920856,0.043165736
10,T,B,8.079144,129.92085,0.058544517
10,T,C,0.07914339,2.9208567,0.02638113
10,T,D,1.0791434,0.9208566,0.5395717
10,T,E,0.07914339,5.9208565,0.013190565
10,T,F,0.07914339,0.9208566,0.07914339
10,T,G,0.07914339,5.9208565,0.013190565
10,T,H,0.07914339,7.9208565,0.009892924
10,T,I,0.07914339,10.920856,0.0071948534
10,T,J,1.0791434,0.9208566,0.5395717
10,T,K,0.07914339,4.9208565,0.015828678
10,T,L,3.0791433,9.920856,0.23685719
10,T,M,0.07914339,0.9208566,0.07914339
10,T,N,2.0791433,0.9208566,0.6930478
10,T,R,0.07914339,6.9208565,0.011306198
10,U,A,1.0791434,30.920856,0.03372323
10,U,B,1.0791434,61.920856,0.017129261
10,U,C,0.07914339,2.9208567,0.02638113
10,U,D,0.07914339,1.9208566,0.039571695
10,U,E,0.07914339,3.9208567,0.019785848
10,U,F,0.07914339,2.9208567,0.02638113
10,U,G,0.07914339,0.9208566,0.07914339
10,U,H,0.07914339,3.9208567,0.019785848
10,U,I,0.07914339,0.9208566,0.07914339
10,U,J,0.07914339,0.9208566,0.07914339
10,U,K,0.07914339,2.9208567,0.02638113
10,U,L,0.07914339,4.9208565,0.015828678
10,U,M,0.07914339,0.9208566,0.07914339
10,U,N,0.07914339,4.9208565,0.015828678
10,U,R,0.07914339,1.9208566,0.039571695
10,V,A,0.07914339,0.9208566,0.07914339
10,V,B,0.07914339,12.920856,0.006087953
10,V,C,0.07914339,0.9208566,0.07914339
10,V,D,0.07914339,0.9208566,0.07914339
10,V,E,0.07914339,0.9208566,0.07914339
10,V,F,0.07914339,0.9208566,0.07914339
10,V,G,0.07914339,2.9208567,0.02638113
10,V,H,0.07914339,0.9208566,0.07914339
10,V,I,0.07914339,2.9208567,0.02638113
10,V,J,0.07914339,0.9208566,0.07914339
10,V,K,0.07914339,0.9208566,0.07914339
10,V,L,0.07914339,0.9208566,0.07914339
10,V,M,0.07914339,0.9208566,0.07914339
10,V,N,0.07914339,0.9208566,0.07914339
10,V,R,0.07914339,0.9208566,0.07914339
10,W,A,0.07914339,3.9208567,0.019785848
10,W,B,0.07914339,13.920856,0.005653099
10,W,C,0.07914339,0.9208566,0.07914339
10,W,D,0.07914339,3.9208567,0.019785848
10,W,E,0.07914339,0.9208566,0.07914339
10,W,F,0.07914339,0.9208566,0.07914339
10,W,G,0.07914339,0.9208566,0.07914339
10,W,H,0.07914339,0.9208566,0.07914339
10,W,I,0.07914339,1.9208566,0.039571695
10,W,J,0.07914339,0.9208566,0.07914339
10,W,K,0.07914339,0.9208566,0.07914339
10,W,L,0.07914339,0.9208566,0.07914339
10,W,M,0.07914339,0.9208566,0.07914339
10,W,N,0.07914339,0.9208566,0.07914339
10,W,R,0.07914339,0.9208566,0.07914339
10,X,A,0.07914339,10.920856,0.0071948534
10,X,B,11.079144,33.920856,0.24620318
10,X,C,0.07914339,1.9208566,0.039571695
10,X,D,2.0791433,6.9208565,0.23101594
10,X,E,4.0791435,7.9208565,0.33992863
10,X,F,0.07914339,2.9208567,0.02638113
10,X,G,0.07914339,3.9208567,0.019785848
10,X,H,0.07914339,1.9208566,0.039571695
10,X,I,1.0791434,7.9208565,0.11990482
10,X,J,2.0791433,2.9208567,0.41582868
10,X,K,0.07914339,0.9208566,0.07914339
10,X,L,0.07914339,2.9208567,0.02638113
10,X,M,0.07914339,0.9208566,0.07914339
10,X,N,1.0791434,2.9208567,0.26978585
10,X,R,0.07914339,11.920856,0.0065952823
10,Y,A,0.07914339,5.9208565,0.013190565
10,Y,B,1.0791434,28.920856,0.035971448
10,Y,C,0.07914339,0.9208566,0.07914339
10,Y,D,0.07914339,0.9208566,0.07914339
10,Y,E,0.07914339,0.9208566,0.07914339
10,Y,F,0.07914339,11.920856,0.0065952823
10,Y,G,1.0791434,0.9208566,0.5395717
10,Y,H,0.07914339,0.9208566,0.07914339
10,Y,I,0.07914339,0.9208566,0.07914339
10,Y,J,1.0791434,0.9208566,0.5395717
10,Y,K,0.07914339,0.9208566,0.07914339
10,Y,L,0.07914339,13.920856,0.005653099
10,Y,M,0.07914339,1.9208566,0.039571695
10,Y,N,0.07914339,0.9208566,0.07914339
10,Y,R,0.07914339,0.9208566,0.07914339
11,T,A,1.1155989,26.884401,0.039842818
11,T,B,12.115599,51.8844,0.18930623
11,T,C,0.11559889,0.88440114,0.11559889
11,T,D,1.1155989,0.88440114,0.55779946
11,T,E,0.11559889,2.884401,0.03853296
11,T,F,0.11559889,1.8844011,0.057799444
11,T,G,0.11559889,3.884401,0.028899722
11,T,H,0.11559889,6.8844013,0.016514126
11,T,I,0.11559889,2.884401,0.03853296
11,T,J,0.11559889,0.88440114,0.11559889
11,T,K,0.11559889,0.88440114,0.11559889
11,T,L,3.115599,5.8844013,0.34617767
11,T,M,0.11559889,0.88440114,0.11559889
11,T,N,0.11559889,3.884401,0.028899722
11,T,R,0.11559889,3.884401,0.028899722
11,T,S,0.11559889,0.88440114,0.11559889
11,U,A,0.11559889,32.8844,0.0035029966
11,U,B,4.1155987,49.8844,0.0762148
11,U,C,0.11559889,2.884401,0.03853296
11,U,D,0.11559889,0.88440114,0.11559889
11,U,E,0.11559889,2.884401,0.03853296
11,U,F,0.11559889,1.8844011,0.057799444
11,U,G,0.11559889,0.88440114,0.11559889
11,U,H,0.11559889,4.8844013,0.023119777
11,U,I,0.11559889,0.88440114,0.11559889
11,U,J,0.11559889,0.88440114,0.11559889
11,U,K,0.11559889,3.884401,0.028899722
11,U,L,0.11559889,9.884401,0.011559889
11,U,M,0.11559889,0.88440114,0.11559889
11,U,N,3.115599,0.88440114,0.7788997
11,U,R,0.11559889,3.884401,0.028899722
11,U,S,0.11559889,0.88440114,0.11559889
11,V,A,0.11559889,0.88440114,0.11559889
11,V,B,0.11559889,11.884401,0.00963324
11,V,C,0.11559889,0.88440114,0.11559889
11,V,D,0.11559889,0.88440114,0.11559889
11,V,E,0.11559889,1.8844011,0.057799444
11,V,F,0.11559889,0.88440114,0.11559889
11,V,G,0.11559889,0.88440114,0.11559889
11,V,H,0.11559889,0.88440114,0.11559889
11,V,I,0.11559889,2.884401,0.03853296
11,V,J,0.11559889,0.88440114,0.11559889
11,V,K,0.11559889,0.88440114,0.11559889
11,V,L,0.11559889,0.88440114,0.11559889
11,V,M,0.11559889,0.88440114,0.11559889
11,V,N,0.11559889,0.88440114,0.11559889
11,V,R,0.11559889,0.88440114,0.11559889
11,V,S,0.11559889,0.88440114,0.11559889
11,W,A,0.11559889,1.8844011,0.057799444
11,W,B,1.1155989,5.8844013,0.15937127
11,W,C,0.11559889,0.88440114,0.11559889
11,W,D,0.11559889,0.88440114,0.11559889
11,W,E,0.11559889,0.88440114,0.11559889
11,W,F,0.11559889,0.88440114,0.11559889
11,W,G,0.11559889,0.88440114,0.11559889
11,W,H,0.11559889,0.88440114,0.11559889
11,W,I,0.11559889,0.88440114,0.11559889
11,W,J,0.11559889,0.88440114,0.11559889
11,W,K,0.11559889,0.88440114,0.11559889
11,W,L,0.11559889,0.88440114,0.11559889
11,W,M,0.11559889,0.88440114,0.11559889
11,W,N,0.11559889,0.88440114,0.11559889
11,W,R,0.11559889,1.8844011,0.057799444
11,W,S,0.11559889,0.88440114,0.11559889
11,X,A,0.11559889,5.8844013,0.01926648
11,X,B,6.1155987,5.8844013,0.50963324
11,X,C,0.11559889,1.8844011,0.057799444
11,X,D,0.11559889,4.8844013,0.023119777
11,X,E,5.1155987,6.8844013,0.4262999
11,X,F,0.11559889,2.884401,0.03853296
11,X,G,0.11559889,2.884401,0.03853296
11,X,H,0.11559889,0.88440114,0.11559889
11,X,I,0.11559889,3.884401,0.028899722
11,X,J,1.1155989,0.88440114,0.55779946
11,X,K,0.11559889,1.8844011,0.057799444
11,X,L,0.11559889,2.884401,0.03853296
11,X,M,0.11559889,0.88440114,0.11559889
11,X,N,0.11559889,8.884401,0.01284432
11,X,R,0.11559889,1.8844011,0.057799444
11,X,S,0.11559889,0.88440114,0.11559889
11,Y,A,0.11559889,0.88440114,0.11559889
11,Y,B,1.1155989,30.884401,0.034862466
11,Y,C,0.11559889,0.88440114,0.11559889
11,Y,D,0.11559889,0.88440114,0.11559889
11,Y,E,0.11559889,0.88440114,0.11559889
11,Y,F,2.115599,3.884401,0.3525998
11,Y,G,0.11559889,0.88440114,0.11559889
11,Y,H,0.11559889,3.884401,0.028899722
11,Y,I,0.11559889,0.88440114,0.11559889
11,Y,J,1.1155989,0.88440114,0.55779946
11,Y,K,0.11559889,0.88440114,0.11559889
11,Y,L,0.11559889,12.884401,0.008892222
11,Y,M,0.11559889,0.88440114,0.11559889
11,Y,N,0.11559889,0.88440114,0.11559889
11,Y,R,0.11559889,0.88440114,0.11559889
11,Y,S,0.11559889,1.8844011,0.057799444
12,T,A,1.0611888,22.93881,0.0442162
12,T,B,3.0611887,44.938812,0.063774765
12,T,C,0.06118881,6.9388113,0.008741259
12,T,D,2.0611887,0.9388112,0.6870629
12,T,E,0.06118881,1.9388112,0.030594405
12,T,F,0.06118881,1.9388112,0.030594405
12,T,G,0.06118881,3.9388113,0.015297202
12,T,H,0.06118881,3.9388113,0.015297202
12,T,I,0.06118881,1.9388112,0.030594405
12,T,J,1.0611888,2.9388113,0.2652972
12,T,K,0.06118881,0.9388112,0.06118881
12,T,L,1.0611888,4.9388113,0.1768648
12,T,M,0.06118881,0.9388112,0.06118881
12,T,N,0.06118881,0.9388112,0.06118881
12,T,R,0.06118881,7.9388113,0.007648601
12,T,S,0.06118881,3.9388113,0.015297202
12,U,A,1.0611888,21.93881,0.046138644
12,U,B,2.0611887,24.93881,0.076340325
12,U,C,0.06118881,5.9388113,0.010198135
12,U,D,0.06118881,0.9388112,0.06118881
12,U,E,1.0611888,0.9388112,0.5305944
12,U,F,0.06118881,2.9388113,0.02039627
12,U,G,0.06118881,1.9388112,0.030594405
12,U,H,0.06118881,8.938811,0.006798757
12,U,I,0.06118881,0.9388112,0.06118881
12,U,J,0.06118881,0.9388112,0.06118881
12,U,K,0.06118881,0.9388112,0.06118881
12,U,L,0.06118881,1.9388112,0.030594405
12,U,M,0.06118881,0.9388112,0.06118881
12,U,N,0.06118881,0.9388112,0.06118881
12,U,R,0.06118881,9.938811,0.006118881
12,U,S,0.06118881,0.9388112,0.06118881
12,V,A,0.06118881,0.9388112,0.06118881
12,V,B,0.06118881,2.9388113,0.02039627
12,V,C,0.06118881,0.9388112,0.06118881
12,V,D,0.06118881,0.9388112,0.06118881
12,V,E,0.06118881,1.9388112,0.030594405
12,V,F,0.06118881,0.9388112,0.06118881
12,V,G,0.06118881,1.9388112,0.030594405
12,V,H,0.06118881,1.9388112,0.030594405
12,V,I,1.0611888,2.9388113,0.2652972
12,V,J,0.06118881,0.9388112,0.06118881
12,V,K,0.06118881,0.9388112,0.06118881
12,V,L,0.06118881,0.9388112,0.06118881
12,V,M,0.06118881,0.9388112,0.06118881
12,V,N,0.06118881,0.9388112,0.06118881
12,V,R,0.06118881,0.9388112,0.06118881
12,V,S,0.06118881,0.9388112,0.06118881
12,W,A,0.06118881,3.9388113,0.015297202
12,W,B,1.0611888,22.93881,0.0442162
12,W,C,0.06118881,0.9388112,0.06118881
12,W,D,0.06118881,0.9388112,0.06118881
12,W,E,0.06118881,1.9388112,0.030594405
12,W,F,1.0611888,2.9388113,0.2652972
12,W,G,0.06118881,0.9388112,0.06118881
12,W,H,0.06118881,0.9388112,0.06118881
12,W,I,0.06118881,0.9388112,0.06118881
12,W,J,1.0611888,0.9388112,0.5305944
12,W,K,0.06118881,0.9388112,0.06118881
12,W,L,0.06118881,0.9388112,0.06118881
12,W,M,0.06118881,0.9388112,0.06118881
12,W,N,0.06118881,0.9388112,0.06118881
12,W,R,0.06118881,3.9388113,0.015297202
12,W,S,0.06118881,0.9388112,0.06118881
12,X,A,1.0611888,4.9388113,0.1768648
12,X,B,0.06118881,4.9388113,0.012237762
12,X,C,0.06118881,0.9388112,0.06118881
12,X,D,0.06118881,3.9388113,0.015297202
12,X,E,0.06118881,1.9388112,0.030594405
12,X,F,0.06118881,0.9388112,0.06118881
12,X,G,0.06118881,1.9388112,0.030594405
12,X,H,0.06118881,0.9388112,0.06118881
12,X,I,0.06118881,2.9388113,0.02039627
12,X,J,0.06118881,0.9388112,0.06118881
12,X,K,0.06118881,0.9388112,0.06118881
12,X,L,0.06118881,4.9388113,0.012237762
12,X,M,0.06118881,0.9388112,0.06118881
12,X,N,0.06118881,7.9388113,0.007648601
12,X,R,0.06118881,0.9388112,0.06118881
12,X,S,0.06118881,0.9388112,0.06118881
12,Y,A,0.06118881,11.938811,0.0050990675
12,Y,B,0.06118881,17.93881,0.0033993784
12,Y,C,0.06118881,0.9388112,0.06118881
12,Y,D,0.06118881,0.9388112,0.06118881
12,Y,E,0.06118881,0.9388112,0.06118881
12,Y,F,0.06118881,0.9388112,0.06118881
12,Y,G,0.06118881,0.9388112,0.06118881
12,Y,H,0.06118881,0.9388112,0.06118881
12,Y,I,0.06118881,0.9388112,0.06118881
12,Y,J,0.06118881,0.9388112,0.06118881
12,Y,K,0.06118881,0.9388112,0.06118881
12,Y,L,0.06118881,6.9388113,0.008741259
12,Y,M,0.06118881,0.9388112,0.06118881
12,Y,N,0.06118881,0.9388112,0.06118881
12,Y,R,0.06118881,0.9388112,0.06118881
12,Y,S,0.06118881,2.9388113,0.02039627
13,T,A,0.0882353,19.911764,0.004411765
13,T,B,4.0882354,19.911764,0.17034313
13,T,C,0.0882353,4.9117646,0.01764706
13,T,D,0.0882353,0.9117647,0.0882353
13,T,E,0.0882353,0.9117647,0.0882353
13,T,F,0.0882353,0.9117647,0.0882353
13,T,G,1.0882353,0.9117647,0.5441176
13,T,H,0.0882353,3.9117646,0.022058824
13,T,I,0.0882353,0.9117647,0.0882353
13,T,J,0.0882353,0.9117647,0.0882353
13,T,K,0.0882353,0.9117647,0.0882353
13,T,L,0.0882353,1.9117647,0.04411765
13,T,M,0.0882353,0.9117647,0.0882353
13,T,N,0.0882353,2.9117646,0.029411765
13,T,R,0.0882353,7.9117646,0.011029412
13,T,S,0.0882353,0.9117647,0.0882353
13,U,A,0.0882353,12.911765,0.0067873304
13,U,B,4.0882354,11.911765,0.2555147
13,U,C,0.0882353,1.9117647,0.04411765
13,U,D,0.0882353,0.9117647,0.0882353
13,U,E,0.0882353,0.9117647,0.0882353
13,U,F,0.0882353,1.9117647,0.04411765
13,U,G,0.0882353,0.9117647,0.0882353
13,U,H,0.0882353,1.9117647,0.04411765
13,U,I,0.0882353,0.9117647,0.0882353
13,U,J,0.0882353,0.9117647,0.0882353
13,U,K,0.0882353,1.9117647,0.04411765
13,U,L,0.0882353,1.9117647,0.04411765
13,U,M,0.0882353,2.9117646,0.029411765
13,U,N,0.0882353,0.9117647,0.0882353
13,U,R,0.0882353,0.9117647,0.0882353
13,U,S,0.0882353,1.9117647,0.04411765
13,V,A,0.0882353,0.9117647,0.0882353
13,V,B,0.0882353,0.9117647,0.0882353
13,V,C,0.0882353,0.9117647,0.0882353
13,V,D,0.0882353,0.9117647,0.0882353
13,V,E,0.0882353,0.9117647,0.0882353
13,V,F,0.0882353,0.9117647,0.0882353
13,V,G,0.0882353,1.9117647,0.04411765
13,V,H,0.0882353,0.9117647,0.0882353
13,V,I,0.0882353,2.9117646,0.029411765
13,V,J,0.0882353,0.9117647,0.0882353
13,V,K,0.0882353,0.9117647,0.0882353
13,V,L,0.0882353,0.9117647,0.0882353
13,V,M,0.0882353,0.9117647,0.0882353
13,V,N,0.0882353,0.9117647,0.0882353
13,V,R,0.0882353,0.9117647,0.0882353
13,V,S,0.0882353,3.9117646,0.022058824
13,W,A,0.0882353,6.9117646,0.012605042
13,W,B,2.0882354,12.911765,0.1392157
13,W,C,0.0882353,0.9117647,0.0882353
13,W,D,0.0882353,0.9117647,0.0882353
13,W,E,0.0882353,0.9117647,0.0882353
13,W,F,0.0882353,2.9117646,0.029411765
13,W,G,0.0882353,0.9117647,0.0882353
13,W,H,0.0882353,0.9117647,0.0882353
13,W,I,0.0882353,0.9117647,0.0882353
13,W,J,0.0882353,0.9117647,0.0882353
13,W,K,0.0882353,0.9117647,0.0882353
13,W,L,0.0882353,0.9117647,0.0882353
13,W,M,0.0882353,0.9117647,0.0882353
13,W,N,0.0882353,0.9117647,0.0882353
13,W,R,0.0882353,1.9117647,0.04411765
13,W,S,0.0882353,2.9117646,0.029411765
13,X,A,0.0882353,1.9117647,0.04411765
13,X,B,0.0882353,0.9117647,0.0882353
13,X,C,0.0882353,0.9117647,0.0882353
13,X,D,0.0882353,0.9117647,0.0882353
13,X,E,0.0882353,0.9117647,0.0882353
13,X,F,0.0882353,1.9117647,0.04411765
13,X,G,0.0882353,0.9117647,0.0882353
13,X,H,0.0882353,0.9117647,0.0882353
13,X,I,0.0882353,1.9117647,0.04411765
13,X,J,0.0882353,1.9117647,0.04411765
13,X,K,0.0882353,0.9117647,0.0882353
13,X,L,0.0882353,0.9117647,0.0882353
13,X,M,0.0882353,0.9117647,0.0882353
13,X,N,0.0882353,5.9117646,0.014705882
13,X,R,0.0882353,0.9117647,0.0882353
13,X,S,0.0882353,0.9117647,0.0882353
13,Y,A,0.0882353,2.9117646,0.029411765
13,Y,B,2.0882354,5.9117646,0.26102942
13,Y,C,0.0882353,0.9117647,0.0882353
13,Y,D,0.0882353,0.9117647,0.0882353
13,Y,E,0.0882353,0.9117647,0.0882353
13,Y,F,0.0882353,0.9117647,0.0882353
13,Y,G,0.0882353,0.9117647,0.0882353
13,Y,H,0.0882353,0.9117647,0.0882353
13,Y,I,0.0882353,0.9117647,0.0882353
13,Y,J,0.0882353,0.9117647,0.0882353
13,Y,K,0.0882353,0.9117647,0.0882353
13,Y,L,0.0882353,6.9117646,0.012605042
13,Y,M,0.0882353,1.9117647,0.04411765
13,Y,N,0.0882353,0.9117647,0.0882353
13,Y,R,0.0882353,0.9117647,0.0882353
13,Y,S,0.0882353,1.9117647,0.04411765
14,T,A,5.5,3.5,0.6111111
14,T,B,1.5,6.5,0.1875
14,T,C,0.5,2.5,0.16666667
14,T,D,0.5,0.5,0.5
14,T,E,0.5,0.5,0.5
14,T,F,0.5,0.5,0.5
14,T,G,0.5,1.5,0.25
14,T,H,0.5,0.5,0.5
14,T,I,0.5,0.5,0.5
14,T,J,0.5,0.5,0.5
14,T,K,0.5,0.5,0.5
14,T,L,0.5,0.5,0.5
14,T,M,0.5,0.5,0.5
14,T,N,0.5,0.5,0.5
14,T,R,0.5,0.5,0.5
14,T,S,1.5,0.5,0.75
14,U,A,5.5,1.5,0.78571427
14,U,B,2.5,0.5,0.8333333
14,U,C,0.5,0.5,0.5
14,U,D,0.5,0.5,0.5
14,U,E,0.5,0.5,0.5
14,U,F,0.5,0.5,0.5
14,U,G,0.5,0.5,0.5
14,U,H,0.5,0.5,0.5
14,U,I,0.5,0.5,0.5
14,U,J,0.5,1.5,0.25
14,U,K,0.5,0.5,0.5
14,U,L,0.5,0.5,0.5
14,U,M,2.5,1.5,0.625
14,U,N,0.5,0.5,0.5
14,U,R,0.5,0.5,0.5
14,U,S,0.5,0.5,0.5
14,V,A,0.5,1.5,0.25
14,V,B,0.5,0.5,0.5
14,V,C,0.5,0.5,0.5
14,V,D,0.5,0.5,0.5
14,V,E,0.5,0.5,0.5
14,V,F,0.5,0.5,0.5
14,V,G,0.5,0.5,0.5
14,V,H,0.5,0.5,0.5
14,V,I,0.5,0.5,0.5
14,V,J,0.5,0.5,0.5
14,V,K,0.5,0.5,0.5
14,V,L,0.5,0.5,0.5
14,V,M,0.5,0.5,0.5
14,V,N,0.5,1.5,0.25
14,V,R,0.5,0.5,0.5
14,V,S,0.5,0.5,0.5
14,W,A,8.5,0.5,0.9444444
14,W,B,2.5,5.5,0.3125
14,W,C,0.5,0.5,0.5
14,W,D,0.5,0.5,0.5
14,W,E,0.5,1.5,0.25
14,W,F,0.5,0.5,0.5
14,W,G,0.5,0.5,0.5
14,W,H,0.5,0.5,0.5
14,W,I,0.5,0.5,0.5
14,W,J,0.5,0.5,0.5
14,W,K,0.5,0.5,0.5
14,W,L,0.5,0.5,0.5
14,W,M,0.5,0.5,0.5
14,W,N,0.5,0.5,0.5
14,W,R,0.5,0.5,0.5
14,W,S,0.5,1.5,0.25
14,X,A,0.5,0.5,0.5
14,X,B,0.5,0.5,0.5
14,X,C,0.5,0.5,0.5
14,X,D,0.5,0.5,0.5
14,X,E,0.5,0.5,0.5
14,X,F,0.5,0.5,0.5
14,X,G,0.5,0.5,0.5
14,X,H,0.5,0.5,0.5
14,X,I,0.5,3.5,0.125
14,X,J,0.5,0.5,0.5
14,X,K,0.5,0.5,0.5
14,X,L,0.5,0.5,0.5
14,X,M,0.5,0.5,0.5
14,X,N,0.5,1.5,0.25
14,X,R,0.5,0.5,0.5
14,X,S,0.5,0.5,0.5
14,Y,A,1.5,0.5,0.75
14,Y,B,0.5,0.5,0.5
14,Y,C,0.5,0.5,0.5
14,Y,D,0.5,0.5,0.5
14,Y,E,0.5,0.5,0.5
14,Y,F,0.5,0.5,0.5
14,Y,G,0.5,0.5,0.5
14,Y,H,0.5,0.5,0.5
14,Y,I,0.5,0.5,0.5
14,Y,J,0.5,0.5,0.5
14,Y,K,0.5,0.5,0.5
14,Y,L,3.5,1.5,0.7
14,Y,M,0.5,1.5,0.25
14,Y,N,0.5,0.5,0.5
14,Y,R,0.5,0.5,0.5
14,Y,S,0.5,0.5,0.5
15,T,A,0.22413793,0.7758621,0.22413793
15,T,B,0.22413793,3.775862,0.056034483
15,T,C,0.22413793,0.7758621,0.22413793
15,T,D,0.22413793,0.7758621,0.22413793
15,T,E,0.22413793,0.7758621,0.22413793
15,T,G,0.22413793,0.7758621,0.22413793
15,T,I,0.22413793,0.7758621,0.22413793
15,T,J,0.22413793,0.7758621,0.22413793
15,T,L,0.22413793,0.7758621,0.22413793
15,T,M,0.22413793,0.7758621,0.22413793
15,T,N,0.22413793,0.7758621,0.22413793
15,T,S,1.2241379,0.7758621,0.61206895
15,U,A,0.22413793,0.7758621,0.22413793
15,U,B,1.2241379,1.7758621,0.40804598
15,U,C,0.22413793,0.7758621,0.22413793
15,U,D,0.22413793,0.7758621,0.22413793
15,U,E,0.22413793,0.7758621,0.22413793
15,U,G,1.2241379,0.7758621,0.61206895
15,U,I,0.22413793,0.7758621,0.22413793
15,U,J,0.22413793,0.7758621,0.22413793
15,U,L,0.22413793,0.7758621,0.22413793
15,U,M,0.22413793,0.7758621,0.22413793
15,U,N,0.22413793,0.7758621,0.22413793
15,U,S,0.22413793,2.775862,0.07471264
15,V,A,0.22413793,0.7758621,0.22413793
15,V,B,0.22413793,0.7758621,0.22413793
15,V,C,0.22413793,0.7758621,0.22413793
15,V,D,0.22413793,0.7758621,0.22413793
15,V,E,0.22413793,0.7758621,0.22413793
15,V,G,0.22413793,0.7758621,0.22413793
15,V,I,0.22413793,0.7758621,0.22413793
15,V,J,0.22413793,0.7758621,0.22413793
15,V,L,0.22413793,0.7758621,0.22413793
15,V,M,0.22413793,0.7758621,0.22413793
15,V,N,0.22413793,1.7758621,0.112068966
15,V,S,0.22413793,0.7758621,0.22413793
15,W,A,0.22413793,0.7758621,0.22413793
15,W,B,2.224138,0.7758621,0.7413793
15,W,C,0.22413793,0.7758621,0.22413793
15,W,D,0.22413793,0.7758621,0.22413793
15,W,E,0.22413793,0.7758621,0.22413793
15,W,G,0.22413793,0.7758621,0.22413793
15,W,I,0.22413793,0.7758621,0.22413793
15,W,J,0.22413793,0.7758621,0.22413793
15,W,L,0.22413793,0.7758621,0.22413793
15,W,M,0.22413793,0.7758621,0.22413793
15,W,N,0.22413793,0.7758621,0.22413793
15,W,S,0.22413793,9.775862,0.022413794
15,X,A,0.22413793,0.7758621,0.22413793
15,X,B,0.22413793,0.7758621,0.22413793
15,X,C,0.22413793,0.7758621,0.22413793
15,X,D,0.22413793,0.7758621,0.22413793
15,X,E,0.22413793,0.7758621,0.22413793
15,X,G,0.22413793,0.7758621,0.22413793
15,X,I,0.22413793,0.7758621,0.22413793
15,X,J,0.22413793,0.7758621,0.22413793
15,X,L,0.22413793,0.7758621,0.22413793
15,X,M,0.22413793,0.7758621,0.22413793
15,X,N,0.22413793,0.7758621,0.22413793
15,X,S,0.22413793,0.7758621,0.22413793
15,Y,A,0.22413793,0.7758621,0.22413793
15,Y,B,0.22413793,0.7758621,0.22413793
15,Y,C,0.22413793,0.7758621,0.22413793
15,Y,D,0.22413793,0.7758621,0.22413793
15,Y,E,0.22413793,0.7758621,0.22413793
15,Y,G,0.22413793,0.7758621,0.22413793
15,Y,I,0.22413793,0.7758621,0.22413793
15,Y,J,0.22413793,0.7758621,0.22413793
15,Y,L,0.22413793,0.7758621,0.22413793
15,Y,M,1.2241379,0.7758621,0.61206895
15,Y,N,0.22413793,0.7758621,0.22413793
15,Y,S,0.22413793,6.775862,0.032019705
16,T,B,0.083333336,0.9166667,0.083333336
16,T,J,0.083333336,0.9166667,0.083333336
16,T,N,0.083333336,0.9166667,0.083333336
16,T,S,0.083333336,0.9166667,0.083333336
16,U,B,0.083333336,0.9166667,0.083333336
16,U,J,0.083333336,0.9166667,0.083333336
16,U,N,0.083333336,0.9166667,0.083333336
16,U,S,0.083333336,0.9166667,0.083333336
16,V,B,0.083333336,0.9166667,0.083333336
16,V,J,0.083333336,0.9166667,0.083333336
16,V,N,0.083333336,3.9166667,0.020833334
16,V,S,0.083333336,0.9166667,0.083333336
16,W,B,0.083333336,0.9166667,0.083333336
16,W,J,0.083333336,0.9166667,0.083333336
16,W,N,0.083333336,0.9166667,0.083333336
16,W,S,0.083333336,0.9166667,0.083333336
16,X,B,0.083333336,0.9166667,0.083333336
16,X,J,0.083333336,0.9166667,0.083333336
16,X,N,0.083333336,0.9166667,0.083333336
16,X,S,0.083333336,0.9166667,0.083333336
16,Y,B,0.083333336,0.9166667,0.083333336
16,Y,J,0.083333336,0.9166667,0.083333336
16,Y,N,0.083333336,0.9166667,0.083333336
16,Y,S,0.083333336,2.9166667,0.027777778
17,T,N,1.0,1.0,0.5
17,T,S,1.0,1.0,0.5
17,U,N,1.0,1.0,0.5
17,U,S,1.0,1.0,0.5
17,V,N,1.0,1.0,0.5
17,V,S,1.0,1.0,0.5
17,W,N,1.0,1.0,0.5
17,W,S,1.0,1.0,0.5
17,X,N,1.0,1.0,0.5
17,X,S,1.0,1.0,0.5
17,Y,N,1.0,1.0,0.5
17,Y,S,1.0,1.0,0.5
18,T,S,1.0,1.0,0.5
18,U,S,1.0,1.0,0.5
18,V,S,1.0,1.0,0.5
18,W,S,1.0,1.0,0.5
18,X,S,1.0,1.0,0.5
18,Y,S,1.0,1.0,0.5
19,T,S,1.0,1.0,0.5
19,U,S,1.0,1.0,0.5
19,V,S,1.0,1.0,0.5
19,W,S,1.0,1.0,0.5
19,X,S,1.0,1.0,0.5
19,Y,S,1.0,1.0,0.5
